cliente_id,ano,mes,nr_documentos,nr_lancamentos,nr_colaboradores_processados,nr_movimentos_bancarios,tem_iva_a_entregar,tem_dmr,tem_modelo_22,tem_ies,tem_irs_anual,eh_pico_fiscal,horas_totais
1,2023,6,45,63,4,18,1,1,0,0,1,0,7.39
1,2023,7,34,41,2,14,1,1,0,1,0,1,6.65
1,2023,8,47,51,4,16,1,1,0,0,0,0,5.35
1,2023,9,39,52,4,15,1,1,0,0,0,0,4.98
1,2023,10,48,54,2,21,1,1,0,0,0,0,4.96
1,2023,11,34,40,3,11,1,1,0,0,0,0,5.17
1,2023,12,36,40,4,22,1,1,0,0,0,0,5.95
1,2024,1,35,46,3,9,1,1,0,0,0,0,5.2
1,2024,2,37,42,2,18,1,1,0,0,0,0,5.42
1,2024,3,48,56,3,17,1,1,0,0,0,0,6.68
1,2024,4,28,36,3,14,1,1,0,0,1,1,5.09
1,2024,5,43,52,4,18,1,1,1,0,0,1,8.05
1,2024,6,37,42,3,9,1,1,0,0,1,0,5.36
1,2024,7,43,54,3,15,1,1,0,1,0,1,7.87
1,2024,8,37,52,4,12,1,1,0,0,0,0,6.11
1,2024,9,39,46,3,14,1,1,0,0,0,0,3.93
1,2024,10,36,42,4,14,1,1,0,0,0,0,4.72
1,2024,11,33,39,4,10,1,1,0,0,0,0,4.33
1,2024,12,38,49,4,19,1,1,0,0,0,0,4.67
1,2025,1,36,39,2,15,1,1,0,0,0,0,5.01
1,2025,2,40,45,4,15,1,1,0,0,0,0,6.7
1,2025,3,48,48,4,14,1,1,0,0,0,0,5.41
1,2025,4,36,37,2,14,1,1,0,0,1,1,5.59
1,2025,5,39,43,3,22,1,1,1,0,0,1,7.41
1,2025,6,41,47,3,18,1,1,0,0,1,0,6.1
1,2025,7,35,46,3,19,1,1,0,1,0,1,7.0
1,2025,8,36,43,4,14,1,1,0,0,0,0,5.19
1,2025,9,47,50,4,19,1,1,0,0,0,0,6.1
1,2025,10,40,43,2,21,1,1,0,0,0,0,5.35
1,2025,11,45,58,3,17,1,1,0,0,0,0,6.0
1,2025,12,42,53,4,16,1,1,0,0,0,0,6.09
1,2026,1,32,37,3,15,1,1,0,0,0,0,4.72
1,2026,2,29,32,4,8,1,1,0,0,0,0,3.74
1,2026,3,54,68,3,24,1,1,0,0,0,0,6.89
1,2026,4,38,40,4,19,1,1,0,0,1,1,5.27
1,2026,5,55,65,4,18,1,1,1,0,0,1,8.1
2,2023,6,11,15,0,1,0,0,0,0,1,0,4.13
2,2023,7,14,16,2,7,0,1,0,1,0,1,6.6
2,2023,8,23,25,0,9,1,0,0,0,0,0,4.08
2,2023,9,12,14,2,3,0,1,0,0,0,0,5.39
2,2023,10,21,23,2,5,0,1,0,0,0,0,4.8
2,2023,11,26,26,0,10,1,0,0,0,0,0,3.83
2,2023,12,20,24,0,3,0,0,0,0,0,0,3.75
2,2024,1,22,28,1,9,0,1,0,0,0,0,4.34
2,2024,2,23,26,0,11,1,0,0,0,0,0,3.45
2,2024,3,22,24,1,13,0,1,0,0,0,0,5.0
2,2024,4,29,31,0,10,0,0,0,0,1,1,4.65
2,2024,5,20,23,0,9,1,0,1,0,0,1,6.64
2,2024,6,23,25,1,17,0,1,0,0,1,0,5.59
2,2024,7,19,20,2,12,0,1,0,1,0,1,8.21
2,2024,8,32,43,0,9,1,0,0,0,0,0,5.84
2,2024,9,22,26,0,11,0,0,0,0,0,0,2.2
2,2024,10,17,21,0,9,0,0,0,0,0,0,3.54
2,2024,11,9,11,0,4,1,0,0,0,0,0,3.06
2,2024,12,25,31,0,13,0,0,0,0,0,0,5.04
2,2025,1,24,27,0,7,0,0,0,0,0,0,3.89
2,2025,2,29,34,1,9,1,1,0,0,0,0,6.54
2,2025,3,29,33,0,23,0,0,0,0,0,0,4.34
2,2025,4,29,35,2,8,0,1,0,0,1,1,6.5
2,2025,5,31,37,1,13,1,1,1,0,0,1,8.6
2,2025,6,21,23,2,3,0,1,0,0,1,0,5.69
2,2025,7,20,20,1,16,0,1,0,1,0,1,8.19
2,2025,8,24,28,1,6,1,1,0,0,0,0,5.44
2,2025,9,22,25,1,11,0,1,0,0,0,0,3.94
2,2025,10,15,14,2,8,0,1,0,0,0,0,3.84
2,2025,11,21,25,0,5,1,0,0,0,0,0,4.86
2,2025,12,17,21,2,8,0,1,0,0,0,0,4.73
2,2026,1,26,36,0,16,0,0,0,0,0,0,4.54
2,2026,2,20,22,0,10,1,0,0,0,0,0,4.91
2,2026,3,24,26,2,7,0,1,0,0,0,0,4.6
2,2026,4,17,18,2,6,0,1,0,0,1,1,4.33
2,2026,5,18,21,0,6,1,0,1,0,0,1,5.66
3,2023,6,49,57,4,21,0,1,0,0,1,0,7.4
3,2023,7,57,61,4,25,0,1,0,1,0,1,8.65
3,2023,8,48,54,3,22,1,1,0,0,0,0,5.59
3,2023,9,42,40,4,17,0,1,0,0,0,0,6.08
3,2023,10,49,61,5,22,0,1,0,0,0,0,7.19
3,2023,11,50,54,4,12,1,1,0,0,0,0,6.87
3,2023,12,41,47,4,8,0,1,0,0,0,0,5.8
3,2024,1,42,42,5,22,0,1,0,0,0,0,5.35
3,2024,2,48,52,3,19,1,1,0,0,0,0,6.52
3,2024,3,51,57,4,15,0,1,0,0,0,0,6.81
3,2024,4,48,55,3,21,0,1,0,0,1,1,7.44
3,2024,5,47,56,5,19,1,1,1,0,0,1,9.3
3,2024,6,53,69,3,19,0,1,0,0,1,0,7.71
3,2024,7,45,55,5,18,0,1,0,1,0,1,7.64
3,2024,8,57,71,4,18,1,1,0,0,0,0,7.66
3,2024,9,51,66,3,19,0,1,0,0,0,0,5.87
3,2024,10,65,78,5,37,0,1,0,0,0,0,9.17
3,2024,11,58,66,3,21,1,1,0,0,0,0,7.79
3,2024,12,46,58,3,21,0,1,0,0,0,0,5.53
3,2025,1,56,70,4,18,0,1,0,0,0,0,6.99
3,2025,2,47,57,5,18,1,1,0,0,0,0,7.52
3,2025,3,52,52,4,12,0,1,0,0,0,0,6.46
3,2025,4,48,51,4,22,0,1,0,0,1,1,5.98
3,2025,5,54,61,4,25,1,1,1,0,0,1,7.57
3,2025,6,40,49,3,18,0,1,0,0,1,0,6.38
3,2025,7,44,51,3,16,0,1,0,1,0,1,6.09
3,2025,8,57,72,3,25,1,1,0,0,0,0,7.63
3,2025,9,43,55,3,29,0,1,0,0,0,0,6.54
3,2025,10,49,62,5,17,0,1,0,0,0,0,7.73
3,2025,11,49,62,4,24,1,1,0,0,0,0,7.03
3,2025,12,46,48,4,16,0,1,0,0,0,0,5.94
3,2026,1,44,53,5,18,0,1,0,0,0,0,6.95
3,2026,2,38,41,5,15,1,1,0,0,0,0,5.76
3,2026,3,51,50,5,20,0,1,0,0,0,0,7.02
3,2026,4,63,71,4,30,0,1,0,0,1,1,8.4
3,2026,5,36,46,5,16,1,1,1,0,0,1,7.91
4,2023,6,65,78,6,31,0,1,0,0,1,0,8.99
4,2023,7,48,65,4,18,0,1,0,1,0,1,8.21
4,2023,8,55,64,4,26,1,1,0,0,0,0,7.61
4,2023,9,49,68,5,25,0,1,0,0,0,0,6.9
4,2023,10,55,64,6,28,0,1,0,0,0,0,7.53
4,2023,11,58,67,6,24,1,1,0,0,0,0,7.62
4,2023,12,44,45,6,11,0,1,0,0,0,0,5.43
4,2024,1,50,63,6,23,0,1,0,0,0,0,7.3
4,2024,2,72,79,4,27,1,1,0,0,0,0,7.35
4,2024,3,46,50,5,16,0,1,0,0,0,0,6.48
4,2024,4,56,72,4,28,0,1,0,0,1,1,8.13
4,2024,5,64,81,5,19,1,1,1,0,0,1,9.11
4,2024,6,56,71,4,17,0,1,0,0,1,0,7.54
4,2024,7,49,55,4,18,0,1,0,1,0,1,7.36
4,2024,8,64,73,6,24,1,1,0,0,0,0,7.32
4,2024,9,60,69,6,20,0,1,0,0,0,0,7.04
4,2024,10,52,64,6,18,0,1,0,0,0,0,7.07
4,2024,11,61,80,5,18,1,1,0,0,0,0,8.37
4,2024,12,45,53,4,25,0,1,0,0,0,0,6.11
4,2025,1,44,59,5,19,0,1,0,0,0,0,7.06
4,2025,2,64,79,6,24,1,1,0,0,0,0,7.98
4,2025,3,53,60,5,26,0,1,0,0,0,0,6.53
4,2025,4,49,60,4,19,0,1,0,0,1,1,7.93
4,2025,5,51,67,5,13,1,1,1,0,0,1,7.57
4,2025,6,49,66,6,18,0,1,0,0,1,0,7.69
4,2025,7,66,84,4,31,0,1,0,1,0,1,8.93
4,2025,8,55,63,6,18,1,1,0,0,0,0,7.51
4,2025,9,56,63,6,32,0,1,0,0,0,0,7.2
4,2025,10,54,65,6,16,0,1,0,0,0,0,7.46
4,2025,11,55,72,5,23,1,1,0,0,0,0,7.97
4,2025,12,47,56,4,14,0,1,0,0,0,0,5.06
4,2026,1,48,57,4,21,0,1,0,0,0,0,5.74
4,2026,2,67,77,5,25,1,1,0,0,0,0,8.12
4,2026,3,57,64,5,25,0,1,0,0,0,0,7.37
4,2026,4,53,60,4,26,0,1,0,0,1,1,8.6
4,2026,5,63,73,6,32,1,1,1,0,0,1,10.36
5,2023,6,15,20,1,4,1,1,0,0,1,0,4.1
5,2023,7,22,25,0,5,1,0,0,1,0,1,5.52
5,2023,8,6,7,1,2,1,1,0,0,0,0,3.13
5,2023,9,19,20,0,8,1,0,0,0,0,0,2.86
5,2023,10,14,17,0,6,1,0,0,0,0,0,3.21
5,2023,11,12,15,0,4,1,0,0,0,0,0,1.39
5,2023,12,14,18,0,4,1,0,0,0,0,0,3.25
5,2024,1,10,12,1,1,1,1,0,0,0,0,2.98
5,2024,2,14,17,0,2,1,0,0,0,0,0,2.73
5,2024,3,13,15,1,2,1,1,0,0,0,0,4.35
5,2024,4,14,17,1,6,1,1,0,0,1,1,3.85
5,2024,5,16,19,1,5,1,1,1,0,0,1,5.63
5,2024,6,23,27,0,3,1,0,0,0,1,0,4.76
5,2024,7,11,13,0,7,1,0,0,1,0,1,5.08
5,2024,8,20,24,0,9,1,0,0,0,0,0,2.45
5,2024,9,14,16,1,6,1,1,0,0,0,0,4.47
5,2024,10,15,17,1,6,1,1,0,0,0,0,3.59
5,2024,11,13,17,1,4,1,1,0,0,0,0,3.33
5,2024,12,13,18,0,5,1,0,0,0,0,0,2.77
5,2025,1,14,14,0,3,1,0,0,0,0,0,2.44
5,2025,2,18,18,1,1,1,1,0,0,0,0,2.89
5,2025,3,21,22,0,7,1,0,0,0,0,0,3.34
5,2025,4,17,19,1,6,1,1,0,0,1,1,4.36
5,2025,5,14,17,0,6,1,0,1,0,0,1,5.01
5,2025,6,10,12,0,3,1,0,0,0,1,0,3.76
5,2025,7,17,20,0,12,1,0,0,1,0,1,6.51
5,2025,8,17,20,1,8,1,1,0,0,0,0,3.82
5,2025,9,13,14,0,5,1,0,0,0,0,0,2.25
5,2025,10,12,14,0,3,1,0,0,0,0,0,1.78
5,2025,11,10,11,0,3,1,0,0,0,0,0,3.81
5,2025,12,10,10,0,3,1,0,0,0,0,0,2.84
5,2026,1,11,11,1,4,1,1,0,0,0,0,2.9
5,2026,2,16,17,1,7,1,1,0,0,0,0,4.76
5,2026,3,16,20,0,4,1,0,0,0,0,0,3.85
5,2026,4,17,20,1,9,1,1,0,0,1,1,4.06
5,2026,5,14,17,0,3,1,0,1,0,0,1,4.05
6,2023,6,25,24,2,11,1,1,0,0,1,0,6.31
6,2023,7,32,32,0,13,1,0,0,1,0,1,6.46
6,2023,8,20,24,2,7,1,1,0,0,0,0,5.17
6,2023,9,23,20,1,8,1,1,0,0,0,0,4.93
6,2023,10,20,25,2,6,1,1,0,0,0,0,4.42
6,2023,11,27,26,1,10,1,1,0,0,0,0,5.13
6,2023,12,22,27,2,6,1,1,0,0,0,0,6.08
6,2024,1,25,27,1,8,1,1,0,0,0,0,5.18
6,2024,2,19,24,2,6,1,1,0,0,0,0,5.14
6,2024,3,22,32,1,8,1,1,0,0,0,0,4.86
6,2024,4,18,17,0,7,1,0,0,0,1,1,4.9
6,2024,5,21,26,2,10,1,1,1,0,0,1,6.66
6,2024,6,28,27,2,11,1,1,0,0,1,0,6.73
6,2024,7,27,32,1,12,1,1,0,1,0,1,7.97
6,2024,8,18,20,0,5,1,0,0,0,0,0,4.17
6,2024,9,22,26,2,5,1,1,0,0,0,0,4.92
6,2024,10,14,15,2,8,1,1,0,0,0,0,4.39
6,2024,11,27,33,2,8,1,1,0,0,0,0,5.09
6,2024,12,30,30,2,12,1,1,0,0,0,0,6.06
6,2025,1,18,23,1,9,1,1,0,0,0,0,4.47
6,2025,2,24,27,0,10,1,0,0,0,0,0,3.61
6,2025,3,26,26,0,12,1,0,0,0,0,0,3.68
6,2025,4,23,30,0,14,1,0,0,0,1,1,5.81
6,2025,5,20,23,0,6,1,0,1,0,0,1,4.97
6,2025,6,22,29,2,4,1,1,0,0,1,0,5.83
6,2025,7,25,32,2,6,1,1,0,1,0,1,8.77
6,2025,8,27,29,0,6,1,0,0,0,0,0,4.01
6,2025,9,28,32,1,16,1,1,0,0,0,0,6.14
6,2025,10,20,23,0,8,1,0,0,0,0,0,3.58
6,2025,11,28,36,1,15,1,1,0,0,0,0,5.78
6,2025,12,30,36,2,7,1,1,0,0,0,0,6.08
6,2026,1,30,35,2,18,1,1,0,0,0,0,7.17
6,2026,2,17,19,2,5,1,1,0,0,0,0,5.61
6,2026,3,14,16,0,7,1,0,0,0,0,0,4.01
6,2026,4,27,35,2,11,1,1,0,0,1,1,6.71
6,2026,5,25,29,2,10,1,1,1,0,0,1,6.97
7,2023,6,11,12,2,8,0,1,0,0,1,0,4.35
7,2023,7,20,22,1,8,0,1,0,1,0,1,6.08
7,2023,8,16,18,1,2,1,1,0,0,0,0,4.09
7,2023,9,9,9,3,3,0,1,0,0,0,0,3.18
7,2023,10,18,19,1,4,0,1,0,0,0,0,3.32
7,2023,11,19,25,1,12,1,1,0,0,0,0,4.52
7,2023,12,19,21,2,3,0,1,0,0,0,0,3.47
7,2024,1,14,17,1,0,0,1,0,0,0,0,2.77
7,2024,2,12,11,3,4,1,1,0,0,0,0,3.99
7,2024,3,10,12,3,4,0,1,0,0,0,0,2.88
7,2024,4,11,12,1,5,0,1,0,0,1,1,2.98
7,2024,5,20,22,1,9,1,1,1,0,0,1,4.97
7,2024,6,17,20,1,2,0,1,0,0,1,0,2.75
7,2024,7,14,15,3,4,0,1,0,1,0,1,5.68
7,2024,8,11,10,2,3,1,1,0,0,0,0,3.4
7,2024,9,17,21,2,11,0,1,0,0,0,0,4.08
7,2024,10,18,21,1,7,0,1,0,0,0,0,3.84
7,2024,11,16,18,1,6,1,1,0,0,0,0,4.32
7,2024,12,18,19,2,7,0,1,0,0,0,0,4.25
7,2025,1,7,7,1,3,0,1,0,0,0,0,1.78
7,2025,2,15,18,2,6,1,1,0,0,0,0,3.08
7,2025,3,14,18,3,9,0,1,0,0,0,0,4.38
7,2025,4,20,23,1,3,0,1,0,0,1,1,4.73
7,2025,5,14,14,2,11,1,1,1,0,0,1,6.38
7,2025,6,16,19,3,2,0,1,0,0,1,0,4.78
7,2025,7,16,18,3,7,0,1,0,1,0,1,4.65
7,2025,8,8,10,1,4,1,1,0,0,0,0,3.26
7,2025,9,12,15,1,5,0,1,0,0,0,0,3.04
7,2025,10,17,14,3,11,0,1,0,0,0,0,4.43
7,2025,11,21,25,3,10,1,1,0,0,0,0,5.7
7,2025,12,15,16,1,3,0,1,0,0,0,0,3.24
7,2026,1,8,8,2,1,0,1,0,0,0,0,2.28
7,2026,2,16,18,2,5,1,1,0,0,0,0,3.29
7,2026,3,18,21,3,7,0,1,0,0,0,0,4.24
7,2026,4,9,9,3,2,0,1,0,0,1,1,3.49
7,2026,5,15,18,2,6,1,1,1,0,0,1,6.39
8,2023,6,13,16,3,7,0,1,0,0,1,0,3.62
8,2023,7,7,8,1,4,0,1,0,1,0,1,4.89
8,2023,8,12,13,1,1,1,1,0,0,0,0,3.4
8,2023,9,12,13,3,4,0,1,0,0,0,0,3.4
8,2023,10,23,29,1,5,0,1,0,0,0,0,3.0
8,2023,11,10,10,3,4,1,1,0,0,0,0,2.77
8,2023,12,17,21,1,3,0,1,0,0,0,0,2.74
8,2024,1,20,23,2,12,0,1,0,0,0,0,3.58
8,2024,2,20,23,1,6,1,1,0,0,0,0,4.58
8,2024,3,14,14,3,5,0,1,0,0,0,0,3.14
8,2024,4,24,27,2,9,0,1,0,0,1,1,5.14
8,2024,5,19,23,1,7,1,1,1,0,0,1,4.78
8,2024,6,14,14,2,5,0,1,0,0,1,0,4.33
8,2024,7,16,19,1,4,0,1,0,1,0,1,3.8
8,2024,8,13,15,3,10,1,1,0,0,0,0,5.73
8,2024,9,16,17,1,4,0,1,0,0,0,0,2.79
8,2024,10,14,17,2,4,0,1,0,0,0,0,1.63
8,2024,11,23,21,2,9,1,1,0,0,0,0,3.9
8,2024,12,13,15,1,5,0,1,0,0,0,0,2.28
8,2025,1,16,21,1,6,0,1,0,0,0,0,2.76
8,2025,2,17,22,2,10,1,1,0,0,0,0,4.2
8,2025,3,13,15,2,8,0,1,0,0,0,0,2.93
8,2025,4,14,16,1,5,0,1,0,0,1,1,3.23
8,2025,5,11,12,1,6,1,1,1,0,0,1,4.24
8,2025,6,14,16,3,7,0,1,0,0,1,0,5.14
8,2025,7,16,19,3,6,0,1,0,1,0,1,6.79
8,2025,8,23,25,2,10,1,1,0,0,0,0,4.43
8,2025,9,17,21,3,7,0,1,0,0,0,0,4.04
8,2025,10,24,33,1,14,0,1,0,0,0,0,3.39
8,2025,11,22,25,3,13,1,1,0,0,0,0,5.15
8,2025,12,18,18,3,7,0,1,0,0,0,0,4.03
8,2026,1,20,20,1,13,0,1,0,0,0,0,3.2
8,2026,2,15,18,2,6,1,1,0,0,0,0,4.31
8,2026,3,19,22,3,9,0,1,0,0,0,0,4.35
8,2026,4,21,26,2,3,0,1,0,0,1,1,3.99
8,2026,5,16,18,1,8,1,1,1,0,0,1,6.04
9,2023,6,25,31,2,10,0,1,0,0,1,0,5.31
9,2023,7,31,35,3,15,0,1,0,1,0,1,8.68
9,2023,8,38,41,1,20,1,1,0,0,0,0,5.92
9,2023,9,32,36,2,6,0,1,0,0,0,0,5.85
9,2023,10,29,30,2,15,0,1,0,0,0,0,5.34
9,2023,11,37,50,2,14,1,1,0,0,0,0,6.57
9,2023,12,33,38,1,16,0,1,0,0,0,0,4.24
9,2024,1,29,35,1,7,0,1,0,0,0,0,3.77
9,2024,2,23,25,3,12,1,1,0,0,0,0,5.71
9,2024,3,37,39,3,18,0,1,0,0,0,0,5.8
9,2024,4,28,32,2,12,0,1,0,0,1,1,5.21
9,2024,5,30,38,3,10,1,1,1,0,0,1,8.29
9,2024,6,25,27,3,11,0,1,0,0,1,0,5.73
9,2024,7,29,31,2,17,0,1,0,1,0,1,7.56
9,2024,8,31,36,2,12,1,1,0,0,0,0,4.98
9,2024,9,24,29,3,12,0,1,0,0,0,0,5.53
9,2024,10,28,37,2,9,0,1,0,0,0,0,5.13
9,2024,11,43,51,3,19,1,1,0,0,0,0,7.84
9,2024,12,21,26,3,12,0,1,0,0,0,0,5.35
9,2025,1,38,46,1,14,0,1,0,0,0,0,5.01
9,2025,2,30,31,2,15,1,1,0,0,0,0,5.28
9,2025,3,28,30,3,9,0,1,0,0,0,0,5.96
9,2025,4,37,39,3,16,0,1,0,0,1,1,6.39
9,2025,5,24,24,2,13,1,1,1,0,0,1,7.08
9,2025,6,40,49,3,12,0,1,0,0,1,0,6.77
9,2025,7,29,34,2,15,0,1,0,1,0,1,6.04
9,2025,8,28,32,2,21,1,1,0,0,0,0,4.91
9,2025,9,34,30,1,14,0,1,0,0,0,0,4.39
9,2025,10,43,58,1,15,0,1,0,0,0,0,6.2
9,2025,11,36,38,3,19,1,1,0,0,0,0,6.62
9,2025,12,32,43,3,10,0,1,0,0,0,0,6.36
9,2026,1,31,31,3,13,0,1,0,0,0,0,5.32
9,2026,2,29,31,3,9,1,1,0,0,0,0,5.17
9,2026,3,29,27,1,18,0,1,0,0,0,0,4.47
9,2026,4,30,36,2,13,0,1,0,0,1,1,5.93
9,2026,5,33,34,2,15,1,1,1,0,0,1,6.93
10,2023,6,17,18,2,6,0,1,0,0,1,0,4.28
10,2023,7,23,23,1,9,0,1,0,1,0,1,5.19
10,2023,8,12,15,2,3,1,1,0,0,0,0,3.19
10,2023,9,14,17,2,6,0,1,0,0,0,0,3.03
10,2023,10,24,32,2,12,0,1,0,0,0,0,4.92
10,2023,11,23,25,2,10,1,1,0,0,0,0,5.09
10,2023,12,18,21,2,6,0,1,0,0,0,0,3.46
10,2024,1,25,26,0,7,0,0,0,0,0,0,2.55
10,2024,2,33,37,1,11,1,1,0,0,0,0,3.64
10,2024,3,15,16,1,8,0,1,0,0,0,0,3.78
10,2024,4,22,26,0,9,0,0,0,0,1,1,4.0
10,2024,5,21,26,1,6,1,1,1,0,0,1,5.75
10,2024,6,24,30,1,13,0,1,0,0,1,0,3.04
10,2024,7,20,21,1,10,0,1,0,1,0,1,5.09
10,2024,8,25,31,0,10,1,0,0,0,0,0,3.39
10,2024,9,19,22,1,14,0,1,0,0,0,0,3.64
10,2024,10,18,20,1,13,0,1,0,0,0,0,2.83
10,2024,11,18,19,0,11,1,0,0,0,0,0,2.75
10,2024,12,23,25,1,7,0,1,0,0,0,0,3.54
10,2025,1,23,30,0,12,0,0,0,0,0,0,2.41
10,2025,2,23,27,0,13,1,0,0,0,0,0,3.01
10,2025,3,14,16,1,7,0,1,0,0,0,0,2.84
10,2025,4,19,21,1,9,0,1,0,0,1,1,4.64
10,2025,5,22,31,2,16,1,1,1,0,0,1,6.74
10,2025,6,23,29,0,10,0,0,0,0,1,0,4.21
10,2025,7,28,30,1,9,0,1,0,1,0,1,5.53
10,2025,8,27,30,2,5,1,1,0,0,0,0,5.26
10,2025,9,25,28,0,11,0,0,0,0,0,0,1.7
10,2025,10,25,29,2,8,0,1,0,0,0,0,5.02
10,2025,11,25,27,2,9,1,1,0,0,0,0,5.63
10,2025,12,35,42,2,13,0,1,0,0,0,0,4.88
10,2026,1,22,28,2,7,0,1,0,0,0,0,4.22
10,2026,2,23,23,0,15,1,0,0,0,0,0,3.19
10,2026,3,22,23,1,7,0,1,0,0,0,0,2.95
10,2026,4,27,30,2,10,0,1,0,0,1,1,4.35
10,2026,5,18,20,0,7,1,0,1,0,0,1,4.3
11,2023,6,42,57,4,15,0,1,0,0,1,0,8.31
11,2023,7,63,79,5,26,0,1,0,1,0,1,11.68
11,2023,8,40,50,5,14,1,1,0,0,0,0,8.96
11,2023,9,48,54,4,15,0,1,0,0,0,0,6.95
11,2023,10,53,59,5,25,0,1,0,0,0,0,7.08
11,2023,11,40,40,5,13,1,1,0,0,0,0,8.15
11,2023,12,46,56,3,26,0,1,0,0,0,0,6.19
11,2024,1,42,50,3,23,0,1,0,0,0,0,6.15
11,2024,2,38,49,5,11,1,1,0,0,0,0,7.77
11,2024,3,51,58,3,17,0,1,0,0,0,0,6.98
11,2024,4,47,53,3,21,0,1,0,0,1,1,6.63
11,2024,5,52,61,4,10,1,1,1,0,0,1,9.07
11,2024,6,46,57,5,21,0,1,0,0,1,0,7.75
11,2024,7,41,41,5,11,0,1,0,1,0,1,9.12
11,2024,8,40,49,3,19,1,1,0,0,0,0,7.68
11,2024,9,45,52,4,24,0,1,0,0,0,0,6.35
11,2024,10,52,54,5,17,0,1,0,0,0,0,8.01
11,2024,11,42,40,3,20,1,1,0,0,0,0,7.05
11,2024,12,46,52,4,26,0,1,0,0,0,0,6.76
11,2025,1,44,57,4,19,0,1,0,0,0,0,6.01
11,2025,2,47,62,5,25,1,1,0,0,0,0,8.19
11,2025,3,49,58,5,24,0,1,0,0,0,0,7.53
11,2025,4,58,78,5,26,0,1,0,0,1,1,10.93
11,2025,5,46,53,3,29,1,1,1,0,0,1,9.18
11,2025,6,47,59,4,19,0,1,0,0,1,0,7.62
11,2025,7,48,53,5,20,0,1,0,1,0,1,9.83
11,2025,8,55,60,4,28,1,1,0,0,0,0,7.59
11,2025,9,41,44,5,15,0,1,0,0,0,0,7.09
11,2025,10,43,41,4,17,0,1,0,0,0,0,5.63
11,2025,11,42,54,4,15,1,1,0,0,0,0,7.08
11,2025,12,61,66,3,17,0,1,0,0,0,0,7.41
11,2026,1,48,51,5,20,0,1,0,0,0,0,8.4
11,2026,2,39,40,5,17,1,1,0,0,0,0,8.62
11,2026,3,45,51,5,13,0,1,0,0,0,0,6.49
11,2026,4,51,68,3,14,0,1,0,0,1,1,7.75
11,2026,5,40,54,3,12,1,1,1,0,0,1,9.04
12,2023,6,42,41,3,12,0,1,0,0,1,0,6.55
12,2023,7,38,42,3,17,0,1,0,1,0,1,5.98
12,2023,8,54,57,3,15,1,1,0,0,0,0,6.61
12,2023,9,42,52,3,20,0,1,0,0,0,0,5.54
12,2023,10,46,54,5,11,0,1,0,0,0,0,5.33
12,2023,11,53,58,3,14,1,1,0,0,0,0,5.77
12,2023,12,44,51,4,16,0,1,0,0,0,0,5.73
12,2024,1,41,45,4,20,0,1,0,0,0,0,5.92
12,2024,2,29,38,4,13,1,1,0,0,0,0,6.53
12,2024,3,47,57,5,18,0,1,0,0,0,0,7.06
12,2024,4,36,44,3,11,0,1,0,0,1,1,6.54
12,2024,5,52,46,5,24,1,1,1,0,0,1,8.64
12,2024,6,40,46,5,19,0,1,0,0,1,0,6.71
12,2024,7,45,61,3,19,0,1,0,1,0,1,8.21
12,2024,8,56,72,5,26,1,1,0,0,0,0,8.9
12,2024,9,45,43,4,11,0,1,0,0,0,0,6.13
12,2024,10,59,66,5,26,0,1,0,0,0,0,7.47
12,2024,11,52,54,3,20,1,1,0,0,0,0,6.0
12,2024,12,36,48,3,14,0,1,0,0,0,0,5.65
12,2025,1,40,47,4,16,0,1,0,0,0,0,6.15
12,2025,2,46,49,5,22,1,1,0,0,0,0,7.92
12,2025,3,54,62,3,17,0,1,0,0,0,0,5.85
12,2025,4,42,37,5,8,0,1,0,0,1,1,5.94
12,2025,5,45,47,5,16,1,1,1,0,0,1,8.88
12,2025,6,55,63,4,19,0,1,0,0,1,0,7.35
12,2025,7,28,35,5,16,0,1,0,1,0,1,7.44
12,2025,8,50,48,5,17,1,1,0,0,0,0,7.73
12,2025,9,41,46,3,11,0,1,0,0,0,0,4.43
12,2025,10,41,51,5,19,0,1,0,0,0,0,7.81
12,2025,11,56,56,5,17,1,1,0,0,0,0,7.02
12,2025,12,49,57,3,15,0,1,0,0,0,0,6.46
12,2026,1,38,44,4,13,0,1,0,0,0,0,5.56
12,2026,2,61,81,4,18,1,1,0,0,0,0,8.45
12,2026,3,46,52,5,16,0,1,0,0,0,0,6.38
12,2026,4,47,53,5,20,0,1,0,0,1,1,8.04
12,2026,5,54,67,4,30,1,1,1,0,0,1,9.26
13,2023,6,27,27,1,8,0,1,0,0,1,0,3.24
13,2023,7,26,29,1,9,0,1,0,1,0,1,5.83
13,2023,8,31,34,1,13,1,1,0,0,0,0,3.86
13,2023,9,29,33,2,16,0,1,0,0,0,0,3.3
13,2023,10,40,49,3,18,0,1,0,0,0,0,3.91
13,2023,11,35,42,1,18,1,1,0,0,0,0,5.44
13,2023,12,31,33,3,13,0,1,0,0,0,0,3.64
13,2024,1,33,38,2,18,0,1,0,0,0,0,5.21
13,2024,2,29,38,1,9,1,1,0,0,0,0,4.15
13,2024,3,27,29,1,12,0,1,0,0,0,0,3.16
13,2024,4,39,45,1,11,0,1,0,0,1,1,4.55
13,2024,5,36,41,3,11,1,1,1,0,0,1,7.44
13,2024,6,33,38,1,10,0,1,0,0,1,0,2.8
13,2024,7,37,37,3,13,0,1,0,1,0,1,6.03
13,2024,8,26,34,2,14,1,1,0,0,0,0,4.06
13,2024,9,32,34,1,11,0,1,0,0,0,0,3.14
13,2024,10,19,24,1,7,0,1,0,0,0,0,2.81
13,2024,11,38,41,2,15,1,1,0,0,0,0,4.39
13,2024,12,29,32,2,8,0,1,0,0,0,0,3.56
13,2025,1,27,34,3,7,0,1,0,0,0,0,3.85
13,2025,2,26,32,2,7,1,1,0,0,0,0,3.16
13,2025,3,36,42,1,15,0,1,0,0,0,0,3.95
13,2025,4,26,32,1,4,0,1,0,0,1,1,4.12
13,2025,5,33,37,2,23,1,1,1,0,0,1,5.58
13,2025,6,31,36,2,11,0,1,0,0,1,0,5.52
13,2025,7,30,33,3,8,0,1,0,1,0,1,6.4
13,2025,8,26,32,3,6,1,1,0,0,0,0,4.78
13,2025,9,37,40,2,21,0,1,0,0,0,0,4.64
13,2025,10,32,42,2,12,0,1,0,0,0,0,4.01
13,2025,11,41,46,3,14,1,1,0,0,0,0,5.78
13,2025,12,25,29,1,16,0,1,0,0,0,0,4.12
13,2026,1,22,27,2,8,0,1,0,0,0,0,3.72
13,2026,2,21,24,1,9,1,1,0,0,0,0,2.96
13,2026,3,37,41,2,10,0,1,0,0,0,0,3.87
13,2026,4,36,41,3,10,0,1,0,0,1,1,5.29
13,2026,5,39,48,1,14,1,1,1,0,0,1,6.3
14,2023,6,63,68,5,28,0,1,0,0,1,0,10.19
14,2023,7,62,71,5,31,0,1,0,1,0,1,11.66
14,2023,8,62,71,5,30,1,1,0,0,0,0,11.2
14,2023,9,71,88,5,33,0,1,0,0,0,0,10.02
14,2023,10,54,62,7,16,0,1,0,0,0,0,8.86
14,2023,11,72,96,7,31,1,1,0,0,0,0,12.01
14,2023,12,67,76,6,30,0,1,0,0,0,0,9.74
14,2024,1,49,55,7,20,0,1,0,0,0,0,9.89
14,2024,2,58,66,7,17,1,1,0,0,0,0,11.21
14,2024,3,67,68,7,32,0,1,0,0,0,0,10.34
14,2024,4,58,61,7,27,0,1,0,0,1,1,11.05
14,2024,5,58,64,5,26,1,1,1,0,0,1,11.51
14,2024,6,66,83,6,29,0,1,0,0,1,0,10.97
14,2024,7,66,76,6,17,0,1,0,1,0,1,13.62
14,2024,8,68,75,6,33,1,1,0,0,0,0,11.92
14,2024,9,67,85,7,20,0,1,0,0,0,0,11.2
14,2024,10,62,81,5,28,0,1,0,0,0,0,9.54
14,2024,11,50,64,7,20,1,1,0,0,0,0,10.3
14,2024,12,62,66,7,22,0,1,0,0,0,0,9.48
14,2025,1,56,62,5,20,0,1,0,0,0,0,8.65
14,2025,2,64,85,6,22,1,1,0,0,0,0,11.49
14,2025,3,62,73,7,21,0,1,0,0,0,0,10.08
14,2025,4,66,74,5,31,0,1,0,0,1,1,9.84
14,2025,5,63,77,5,28,1,1,1,0,0,1,13.66
14,2025,6,65,81,7,24,0,1,0,0,1,0,12.01
14,2025,7,48,52,5,23,0,1,0,1,0,1,10.82
14,2025,8,63,74,7,21,1,1,0,0,0,0,10.83
14,2025,9,63,78,7,33,0,1,0,0,0,0,10.1
14,2025,10,84,87,6,33,0,1,0,0,0,0,11.05
14,2025,11,55,63,6,24,1,1,0,0,0,0,9.83
14,2025,12,50,52,6,26,0,1,0,0,0,0,9.12
14,2026,1,61,64,6,23,0,1,0,0,0,0,9.86
14,2026,2,69,75,6,33,1,1,0,0,0,0,11.56
14,2026,3,65,78,6,24,0,1,0,0,0,0,10.81
14,2026,4,79,88,7,17,0,1,0,0,1,1,13.12
14,2026,5,66,72,7,15,1,1,1,0,0,1,12.82
15,2023,6,42,49,4,12,1,1,0,0,1,0,7.46
15,2023,7,44,46,2,19,1,1,0,1,0,1,7.54
15,2023,8,49,58,2,16,1,1,0,0,0,0,4.68
15,2023,9,35,44,4,11,1,1,0,0,0,0,5.68
15,2023,10,34,39,3,8,1,1,0,0,0,0,4.54
15,2023,11,39,44,3,18,1,1,0,0,0,0,5.73
15,2023,12,33,39,2,13,1,1,0,0,0,0,4.35
15,2024,1,46,44,2,19,1,1,0,0,0,0,5.6
15,2024,2,45,54,2,18,1,1,0,0,0,0,6.27
15,2024,3,36,53,3,20,1,1,0,0,0,0,6.8
15,2024,4,40,46,3,16,1,1,0,0,1,1,7.36
15,2024,5,41,47,3,21,1,1,1,0,0,1,6.25
15,2024,6,44,54,2,19,1,1,0,0,1,0,5.76
15,2024,7,36,47,2,12,1,1,0,1,0,1,8.85
15,2024,8,33,41,4,10,1,1,0,0,0,0,6.2
15,2024,9,38,36,3,14,1,1,0,0,0,0,5.22
15,2024,10,44,53,2,23,1,1,0,0,0,0,5.8
15,2024,11,32,45,3,18,1,1,0,0,0,0,5.6
15,2024,12,35,42,3,17,1,1,0,0,0,0,4.3
15,2025,1,26,27,3,11,1,1,0,0,0,0,4.11
15,2025,2,32,38,2,6,1,1,0,0,0,0,4.51
15,2025,3,38,39,4,9,1,1,0,0,0,0,5.04
15,2025,4,28,36,2,11,1,1,0,0,1,1,5.04
15,2025,5,48,51,4,23,1,1,1,0,0,1,9.42
15,2025,6,40,46,3,21,1,1,0,0,1,0,6.38
15,2025,7,33,35,3,12,1,1,0,1,0,1,7.06
15,2025,8,43,47,3,15,1,1,0,0,0,0,5.79
15,2025,9,53,69,3,22,1,1,0,0,0,0,7.25
15,2025,10,35,41,3,11,1,1,0,0,0,0,4.96
15,2025,11,36,39,3,15,1,1,0,0,0,0,6.01
15,2025,12,24,25,2,11,1,1,0,0,0,0,4.36
15,2026,1,43,41,3,17,1,1,0,0,0,0,4.64
15,2026,2,38,39,2,14,1,1,0,0,0,0,4.79
15,2026,3,41,48,2,14,1,1,0,0,0,0,5.18
15,2026,4,45,56,4,22,1,1,0,0,1,1,7.29
15,2026,5,30,33,2,10,1,1,1,0,0,1,6.19
16,2023,6,24,31,1,11,0,1,0,0,1,0,5.46
16,2023,7,11,12,0,5,0,0,0,1,0,1,4.66
16,2023,8,22,25,1,8,1,1,0,0,0,0,4.6
16,2023,9,18,19,1,4,0,1,0,0,0,0,3.26
16,2023,10,32,40,0,7,0,0,0,0,0,0,2.43
16,2023,11,32,44,2,10,1,1,0,0,0,0,6.5
16,2023,12,31,30,0,17,0,0,0,0,0,0,3.78
16,2024,1,15,17,1,5,0,1,0,0,0,0,2.54
16,2024,2,25,32,1,10,1,1,0,0,0,0,5.04
16,2024,3,22,22,1,9,0,1,0,0,0,0,3.95
16,2024,4,17,21,1,10,0,1,0,0,1,1,5.17
16,2024,5,29,37,1,8,1,1,1,0,0,1,7.14
16,2024,6,23,27,0,11,0,0,0,0,1,0,4.23
16,2024,7,21,25,2,15,0,1,0,1,0,1,7.3
16,2024,8,19,25,0,11,1,0,0,0,0,0,3.5
16,2024,9,33,44,1,10,0,1,0,0,0,0,5.12
16,2024,10,19,22,1,9,0,1,0,0,0,0,3.19
16,2024,11,21,23,1,8,1,1,0,0,0,0,4.95
16,2024,12,19,20,0,5,0,0,0,0,0,0,1.53
16,2025,1,32,40,2,11,0,1,0,0,0,0,5.63
16,2025,2,17,17,1,6,1,1,0,0,0,0,3.87
16,2025,3,25,28,0,12,0,0,0,0,0,0,3.78
16,2025,4,14,16,0,8,0,0,0,0,1,1,2.83
16,2025,5,27,30,1,9,1,1,1,0,0,1,6.51
16,2025,6,21,25,1,11,0,1,0,0,1,0,4.77
16,2025,7,23,32,1,11,0,1,0,1,0,1,6.79
16,2025,8,22,25,2,5,1,1,0,0,0,0,4.13
16,2025,9,25,28,2,9,0,1,0,0,0,0,4.75
16,2025,10,30,38,2,10,0,1,0,0,0,0,3.88
16,2025,11,17,20,2,2,1,1,0,0,0,0,3.96
16,2025,12,26,34,2,9,0,1,0,0,0,0,3.78
16,2026,1,20,23,2,6,0,1,0,0,0,0,4.48
16,2026,2,22,25,1,11,1,1,0,0,0,0,4.74
16,2026,3,23,22,1,13,0,1,0,0,0,0,3.97
16,2026,4,21,21,1,10,0,1,0,0,1,1,5.35
16,2026,5,16,15,0,6,1,0,1,0,0,1,4.48
17,2023,6,34,40,4,9,0,1,0,0,1,0,6.47
17,2023,7,37,38,3,16,0,1,0,1,0,1,7.08
17,2023,8,37,47,3,12,1,1,0,0,0,0,5.89
17,2023,9,41,47,4,18,0,1,0,0,0,0,6.71
17,2023,10,39,44,4,17,0,1,0,0,0,0,6.99
17,2023,11,37,39,4,14,1,1,0,0,0,0,5.74
17,2023,12,44,53,4,21,0,1,0,0,0,0,6.82
17,2024,1,45,48,4,13,0,1,0,0,0,0,6.01
17,2024,2,50,53,2,14,1,1,0,0,0,0,6.1
17,2024,3,24,30,2,14,0,1,0,0,0,0,4.26
17,2024,4,40,47,2,20,0,1,0,0,1,1,5.78
17,2024,5,46,52,4,14,1,1,1,0,0,1,6.05
17,2024,6,38,46,4,16,0,1,0,0,1,0,7.55
17,2024,7,34,39,4,12,0,1,0,1,0,1,6.96
17,2024,8,29,34,4,3,1,1,0,0,0,0,5.27
17,2024,9,51,54,4,22,0,1,0,0,0,0,6.27
17,2024,10,58,79,4,29,0,1,0,0,0,0,7.43
17,2024,11,39,43,4,24,1,1,0,0,0,0,6.66
17,2024,12,38,50,2,10,0,1,0,0,0,0,4.98
17,2025,1,47,53,3,23,0,1,0,0,0,0,5.54
17,2025,2,32,39,3,9,1,1,0,0,0,0,5.53
17,2025,3,33,40,3,10,0,1,0,0,0,0,4.89
17,2025,4,32,40,3,21,0,1,0,0,1,1,6.62
17,2025,5,34,36,2,13,1,1,1,0,0,1,5.73
17,2025,6,36,45,2,12,0,1,0,0,1,0,5.15
17,2025,7,38,51,2,18,0,1,0,1,0,1,7.79
17,2025,8,47,53,2,23,1,1,0,0,0,0,5.79
17,2025,9,36,42,4,18,0,1,0,0,0,0,5.12
17,2025,10,39,43,3,15,0,1,0,0,0,0,4.86
17,2025,11,34,38,4,16,1,1,0,0,0,0,5.95
17,2025,12,31,41,4,15,0,1,0,0,0,0,5.46
17,2026,1,51,54,4,18,0,1,0,0,0,0,6.15
17,2026,2,43,45,2,20,1,1,0,0,0,0,5.06
17,2026,3,32,42,3,14,0,1,0,0,0,0,5.6
17,2026,4,40,48,2,19,0,1,0,0,1,1,6.8
17,2026,5,41,56,2,16,1,1,1,0,0,1,6.5
18,2023,6,32,35,0,10,1,0,0,0,1,0,4.27
18,2023,7,11,13,0,4,1,0,0,1,0,1,5.71
18,2023,8,19,21,0,9,1,0,0,0,0,0,4.35
18,2023,9,18,21,2,5,1,1,0,0,0,0,3.28
18,2023,10,21,20,1,8,1,1,0,0,0,0,4.62
18,2023,11,20,24,1,6,1,1,0,0,0,0,5.28
18,2023,12,32,38,1,12,1,1,0,0,0,0,4.81
18,2024,1,23,26,2,9,1,1,0,0,0,0,5.94
18,2024,2,27,30,0,7,1,0,0,0,0,0,3.76
18,2024,3,22,23,1,8,1,1,0,0,0,0,4.5
18,2024,4,28,34,0,8,1,0,0,0,1,1,4.64
18,2024,5,32,33,1,18,1,1,1,0,0,1,7.6
18,2024,6,15,18,1,4,1,1,0,0,1,0,5.31
18,2024,7,28,38,2,10,1,1,0,1,0,1,9.09
18,2024,8,29,38,1,12,1,1,0,0,0,0,6.19
18,2024,9,20,20,0,6,1,0,0,0,0,0,3.24
18,2024,10,19,21,1,7,1,1,0,0,0,0,6.02
18,2024,11,22,26,2,9,1,1,0,0,0,0,5.8
18,2024,12,22,25,1,10,1,1,0,0,0,0,4.82
18,2025,1,23,23,1,10,1,1,0,0,0,0,3.78
18,2025,2,19,23,0,6,1,0,0,0,0,0,2.5
18,2025,3,17,20,0,12,1,0,0,0,0,0,2.59
18,2025,4,24,32,0,7,1,0,0,0,1,1,4.36
18,2025,5,28,31,0,10,1,0,1,0,0,1,6.61
18,2025,6,17,22,1,6,1,1,0,0,1,0,5.41
18,2025,7,18,18,2,5,1,1,0,1,0,1,6.35
18,2025,8,24,25,1,9,1,1,0,0,0,0,4.38
18,2025,9,32,39,1,12,1,1,0,0,0,0,5.23
18,2025,10,24,30,2,10,1,1,0,0,0,0,5.74
18,2025,11,13,14,2,10,1,1,0,0,0,0,3.79
18,2025,12,28,32,1,10,1,1,0,0,0,0,5.12
18,2026,1,23,23,2,9,1,1,0,0,0,0,4.99
18,2026,2,25,28,0,4,1,0,0,0,0,0,3.13
18,2026,3,32,39,1,10,1,1,0,0,0,0,6.27
18,2026,4,18,20,1,10,1,1,0,0,1,1,4.96
18,2026,5,24,27,2,7,1,1,1,0,0,1,6.13
19,2023,6,23,24,4,5,1,1,0,0,1,0,8.55
19,2023,7,23,25,5,12,1,1,0,1,0,1,10.72
19,2023,8,23,30,3,7,1,1,0,0,0,0,7.09
19,2023,9,15,17,3,8,1,1,0,0,0,0,5.25
19,2023,10,32,34,5,9,1,1,0,0,0,0,8.84
19,2023,11,21,23,5,11,1,1,0,0,0,0,8.96
19,2023,12,23,23,5,12,1,1,0,0,0,0,6.94
19,2024,1,20,21,3,5,1,1,0,0,0,0,6.33
19,2024,2,14,18,3,6,1,1,0,0,0,0,5.48
19,2024,3,26,30,3,5,1,1,0,0,0,0,8.38
19,2024,4,26,35,4,7,1,1,0,0,1,1,9.66
19,2024,5,34,39,4,9,1,1,1,0,0,1,10.45
19,2024,6,30,34,5,14,1,1,0,0,1,0,8.97
19,2024,7,21,25,5,10,1,1,0,1,0,1,10.01
19,2024,8,24,21,5,9,1,1,0,0,0,0,7.88
19,2024,9,14,16,3,6,1,1,0,0,0,0,4.99
19,2024,10,20,23,3,13,1,1,0,0,0,0,5.81
19,2024,11,19,25,4,6,1,1,0,0,0,0,7.02
19,2024,12,25,31,4,7,1,1,0,0,0,0,7.57
19,2025,1,21,22,5,6,1,1,0,0,0,0,7.6
19,2025,2,28,36,3,11,1,1,0,0,0,0,7.18
19,2025,3,24,27,3,10,1,1,0,0,0,0,7.31
19,2025,4,28,30,3,16,1,1,0,0,1,1,7.85
19,2025,5,22,26,5,9,1,1,1,0,0,1,10.3
19,2025,6,16,18,5,9,1,1,0,0,1,0,8.48
19,2025,7,17,22,5,2,1,1,0,1,0,1,10.41
19,2025,8,24,28,4,10,1,1,0,0,0,0,8.11
19,2025,9,30,35,3,8,1,1,0,0,0,0,6.97
19,2025,10,25,31,5,12,1,1,0,0,0,0,7.87
19,2025,11,19,24,3,5,1,1,0,0,0,0,5.32
19,2025,12,26,32,3,7,1,1,0,0,0,0,5.78
19,2026,1,18,23,5,9,1,1,0,0,0,0,7.47
19,2026,2,26,31,4,12,1,1,0,0,0,0,7.64
19,2026,3,16,19,3,7,1,1,0,0,0,0,5.41
19,2026,4,28,36,4,13,1,1,0,0,1,1,8.72
19,2026,5,27,31,3,9,1,1,1,0,0,1,10.05
20,2023,6,28,32,1,11,0,1,0,0,1,0,6.19
20,2023,7,17,22,3,6,0,1,0,1,0,1,6.63
20,2023,8,35,46,1,19,1,1,0,0,0,0,6.34
20,2023,9,31,36,3,12,0,1,0,0,0,0,6.2
20,2023,10,28,31,2,10,0,1,0,0,0,0,4.67
20,2023,11,30,39,2,13,1,1,0,0,0,0,5.95
20,2023,12,21,26,3,11,0,1,0,0,0,0,5.07
20,2024,1,25,30,2,14,0,1,0,0,0,0,5.79
20,2024,2,27,30,1,10,1,1,0,0,0,0,5.95
20,2024,3,36,43,3,13,0,1,0,0,0,0,6.0
20,2024,4,40,46,2,20,0,1,0,0,1,1,7.69
20,2024,5,20,22,2,5,1,1,1,0,0,1,6.96
20,2024,6,21,24,2,9,0,1,0,0,1,0,4.98
20,2024,7,25,29,2,13,0,1,0,1,0,1,7.41
20,2024,8,31,34,2,14,1,1,0,0,0,0,5.4
20,2024,9,29,36,3,11,0,1,0,0,0,0,6.61
20,2024,10,24,31,1,1,0,1,0,0,0,0,5.12
20,2024,11,34,42,2,11,1,1,0,0,0,0,6.31
20,2024,12,29,33,2,15,0,1,0,0,0,0,4.98
20,2025,1,21,26,2,7,0,1,0,0,0,0,5.25
20,2025,2,21,24,1,7,1,1,0,0,0,0,5.47
20,2025,3,27,28,2,8,0,1,0,0,0,0,4.11
20,2025,4,37,45,1,17,0,1,0,0,1,1,6.63
20,2025,5,38,44,2,18,1,1,1,0,0,1,8.83
20,2025,6,32,45,3,11,0,1,0,0,1,0,7.05
20,2025,7,36,47,2,11,0,1,0,1,0,1,8.9
20,2025,8,19,23,3,6,1,1,0,0,0,0,5.24
20,2025,9,39,46,2,17,0,1,0,0,0,0,5.95
20,2025,10,34,40,1,10,0,1,0,0,0,0,5.05
20,2025,11,30,31,2,11,1,1,0,0,0,0,4.96
20,2025,12,31,30,1,10,0,1,0,0,0,0,3.24
20,2026,1,28,30,3,15,0,1,0,0,0,0,6.24
20,2026,2,27,31,3,9,1,1,0,0,0,0,5.84
20,2026,3,33,31,2,7,0,1,0,0,0,0,6.21
20,2026,4,34,37,3,13,0,1,0,0,1,1,8.26
20,2026,5,26,29,1,14,1,1,1,0,0,1,6.94
21,2023,6,8,9,1,1,0,1,0,0,1,0,4.76
21,2023,7,19,21,1,8,0,1,0,1,0,1,6.18
21,2023,8,11,12,2,5,1,1,0,0,0,0,3.5
21,2023,9,16,21,1,8,0,1,0,0,0,0,1.82
21,2023,10,19,23,2,7,0,1,0,0,0,0,4.31
21,2023,11,21,23,3,11,1,1,0,0,0,0,5.18
21,2023,12,12,14,2,9,0,1,0,0,0,0,3.72
21,2024,1,13,15,2,7,0,1,0,0,0,0,3.31
21,2024,2,23,25,1,14,1,1,0,0,0,0,3.79
21,2024,3,16,17,1,7,0,1,0,0,0,0,2.85
21,2024,4,10,13,3,1,0,1,0,0,1,1,4.91
21,2024,5,16,18,3,9,1,1,1,0,0,1,6.29
21,2024,6,23,24,1,7,0,1,0,0,1,0,4.19
21,2024,7,18,21,1,9,0,1,0,1,0,1,4.74
21,2024,8,18,21,3,7,1,1,0,0,0,0,4.97
21,2024,9,18,17,1,5,0,1,0,0,0,0,2.37
21,2024,10,13,15,2,4,0,1,0,0,0,0,3.9
21,2024,11,25,31,3,5,1,1,0,0,0,0,4.97
21,2024,12,17,20,3,7,0,1,0,0,0,0,4.0
21,2025,1,11,15,2,10,0,1,0,0,0,0,4.85
21,2025,2,16,20,2,6,1,1,0,0,0,0,4.19
21,2025,3,16,21,3,7,0,1,0,0,0,0,3.97
21,2025,4,14,20,3,2,0,1,0,0,1,1,5.26
21,2025,5,16,20,3,8,1,1,1,0,0,1,5.51
21,2025,6,18,21,2,10,0,1,0,0,1,0,5.54
21,2025,7,19,24,3,8,0,1,0,1,0,1,7.29
21,2025,8,16,18,3,7,1,1,0,0,0,0,5.06
21,2025,9,9,10,1,5,0,1,0,0,0,0,0.62
21,2025,10,16,17,1,4,0,1,0,0,0,0,2.85
21,2025,11,18,21,3,4,1,1,0,0,0,0,4.05
21,2025,12,17,18,1,4,0,1,0,0,0,0,3.74
21,2026,1,18,19,3,10,0,1,0,0,0,0,4.86
21,2026,2,17,20,2,2,1,1,0,0,0,0,4.47
21,2026,3,13,15,1,7,0,1,0,0,0,0,2.27
21,2026,4,16,15,2,9,0,1,0,0,1,1,5.31
21,2026,5,7,7,3,1,1,1,1,0,0,1,5.45
22,2023,6,18,19,2,7,0,1,0,0,1,0,5.56
22,2023,7,33,35,1,15,0,1,0,1,0,1,6.66
22,2023,8,19,23,0,7,1,0,0,0,0,0,3.57
22,2023,9,21,25,2,8,0,1,0,0,0,0,3.68
22,2023,10,21,26,2,7,0,1,0,0,0,0,4.82
22,2023,11,28,34,1,7,1,1,0,0,0,0,5.0
22,2023,12,22,28,1,8,0,1,0,0,0,0,4.55
22,2024,1,31,38,1,8,0,1,0,0,0,0,4.34
22,2024,2,23,27,0,7,1,0,0,0,0,0,3.45
22,2024,3,23,29,0,9,0,0,0,0,0,0,3.35
22,2024,4,28,35,0,15,0,0,0,0,1,1,5.27
22,2024,5,32,38,2,10,1,1,1,0,0,1,7.66
22,2024,6,25,32,0,9,0,0,0,0,1,0,4.13
22,2024,7,22,20,1,9,0,1,0,1,0,1,4.36
22,2024,8,15,17,1,8,1,1,0,0,0,0,4.22
22,2024,9,28,31,0,11,0,0,0,0,0,0,2.31
22,2024,10,19,24,2,10,0,1,0,0,0,0,3.99
22,2024,11,19,25,0,5,1,0,0,0,0,0,3.24
22,2024,12,24,24,2,15,0,1,0,0,0,0,3.28
22,2025,1,30,39,2,12,0,1,0,0,0,0,5.08
22,2025,2,25,26,2,10,1,1,0,0,0,0,6.03
22,2025,3,25,26,0,14,0,0,0,0,0,0,2.81
22,2025,4,24,27,2,9,0,1,0,0,1,1,5.44
22,2025,5,21,23,1,9,1,1,1,0,0,1,7.17
22,2025,6,23,23,1,7,0,1,0,0,1,0,4.77
22,2025,7,22,27,2,8,0,1,0,1,0,1,5.88
22,2025,8,19,23,1,9,1,1,0,0,0,0,4.24
22,2025,9,18,23,0,12,0,0,0,0,0,0,3.05
22,2025,10,20,22,0,8,0,0,0,0,0,0,3.44
22,2025,11,23,26,1,6,1,1,0,0,0,0,4.89
22,2025,12,34,39,1,13,0,1,0,0,0,0,2.79
22,2026,1,26,34,0,9,0,0,0,0,0,0,2.76
22,2026,2,19,16,0,3,1,0,0,0,0,0,2.7
22,2026,3,26,27,2,12,0,1,0,0,0,0,3.59
22,2026,4,23,26,1,12,0,1,0,0,1,1,2.36
22,2026,5,21,22,2,4,1,1,1,0,0,1,5.54
23,2023,6,23,26,5,8,0,1,0,0,1,0,7.5
23,2023,7,32,36,5,15,0,1,0,1,0,1,9.73
23,2023,8,38,41,5,16,1,1,0,0,0,0,7.96
23,2023,9,33,38,6,13,0,1,0,0,0,0,7.99
23,2023,10,38,46,7,14,0,1,0,0,0,0,9.28
23,2023,11,42,47,6,14,1,1,0,0,0,0,9.13
23,2023,12,38,42,5,15,0,1,0,0,0,0,8.61
23,2024,1,26,29,7,9,0,1,0,0,0,0,7.78
23,2024,2,31,36,6,11,1,1,0,0,0,0,8.03
23,2024,3,25,24,6,10,0,1,0,0,0,0,6.24
23,2024,4,30,36,5,11,0,1,0,0,1,1,8.16
23,2024,5,40,44,6,8,1,1,1,0,0,1,11.63
23,2024,6,24,31,6,9,0,1,0,0,1,0,7.91
23,2024,7,41,50,7,20,0,1,0,1,0,1,12.6
23,2024,8,30,38,5,11,1,1,0,0,0,0,8.21
23,2024,9,44,46,5,8,0,1,0,0,0,0,8.97
23,2024,10,34,38,7,14,0,1,0,0,0,0,8.78
23,2024,11,36,37,6,10,1,1,0,0,0,0,8.16
23,2024,12,24,26,5,12,0,1,0,0,0,0,7.04
23,2025,1,27,34,5,17,0,1,0,0,0,0,7.79
23,2025,2,29,38,6,8,1,1,0,0,0,0,8.33
23,2025,3,37,38,6,19,0,1,0,0,0,0,7.51
23,2025,4,36,40,5,17,0,1,0,0,1,1,9.12
23,2025,5,31,35,6,8,1,1,1,0,0,1,10.4
23,2025,6,46,56,7,15,0,1,0,0,1,0,9.93
23,2025,7,42,41,7,20,0,1,0,1,0,1,11.79
23,2025,8,30,30,6,16,1,1,0,0,0,0,7.97
23,2025,9,29,35,6,11,0,1,0,0,0,0,6.78
23,2025,10,27,26,6,2,0,1,0,0,0,0,6.52
23,2025,11,31,34,5,9,1,1,0,0,0,0,8.58
23,2025,12,34,40,5,9,0,1,0,0,0,0,8.14
23,2026,1,30,36,7,13,0,1,0,0,0,0,8.94
23,2026,2,26,30,5,8,1,1,0,0,0,0,7.67
23,2026,3,26,29,7,7,0,1,0,0,0,0,8.02
23,2026,4,36,44,5,14,0,1,0,0,1,1,9.0
23,2026,5,39,46,7,10,1,1,1,0,0,1,11.05
24,2023,6,21,23,3,8,0,1,0,0,1,0,4.3
24,2023,7,19,22,3,4,0,1,0,1,0,1,5.54
24,2023,8,14,17,3,7,1,1,0,0,0,0,5.14
24,2023,9,18,24,1,2,0,1,0,0,0,0,3.7
24,2023,10,23,28,2,13,0,1,0,0,0,0,3.37
24,2023,11,16,20,2,10,1,1,0,0,0,0,4.16
24,2023,12,12,13,2,6,0,1,0,0,0,0,2.78
24,2024,1,14,15,1,4,0,1,0,0,0,0,2.56
24,2024,2,12,14,3,2,1,1,0,0,0,0,3.66
24,2024,3,8,9,1,5,0,1,0,0,0,0,3.22
24,2024,4,15,16,3,3,0,1,0,0,1,1,4.32
24,2024,5,15,19,3,3,1,1,1,0,0,1,5.95
24,2024,6,15,19,1,5,0,1,0,0,1,0,3.85
24,2024,7,15,17,3,5,0,1,0,1,0,1,5.06
24,2024,8,14,17,2,10,1,1,0,0,0,0,4.04
24,2024,9,20,23,1,4,0,1,0,0,0,0,3.7
24,2024,10,16,20,3,10,0,1,0,0,0,0,4.81
24,2024,11,18,18,1,10,1,1,0,0,0,0,2.93
24,2024,12,18,20,1,6,0,1,0,0,0,0,2.06
24,2025,1,14,16,3,5,0,1,0,0,0,0,3.6
24,2025,2,11,13,3,1,1,1,0,0,0,0,4.57
24,2025,3,16,17,1,6,0,1,0,0,0,0,3.03
24,2025,4,15,14,1,4,0,1,0,0,1,1,3.84
24,2025,5,12,13,1,3,1,1,1,0,0,1,3.87
24,2025,6,12,14,1,3,0,1,0,0,1,0,3.05
24,2025,7,12,14,1,1,0,1,0,1,0,1,3.26
24,2025,8,16,21,2,8,1,1,0,0,0,0,4.03
24,2025,9,19,23,1,7,0,1,0,0,0,0,1.86
24,2025,10,14,16,1,2,0,1,0,0,0,0,3.44
24,2025,11,18,21,1,7,1,1,0,0,0,0,4.61
24,2025,12,10,13,3,2,0,1,0,0,0,0,3.4
24,2026,1,21,23,3,9,0,1,0,0,0,0,3.14
24,2026,2,13,15,3,9,1,1,0,0,0,0,4.48
24,2026,3,13,14,2,3,0,1,0,0,0,0,4.1
24,2026,4,15,19,2,6,0,1,0,0,1,1,4.45
24,2026,5,16,19,2,4,1,1,1,0,0,1,6.15
25,2023,6,12,13,2,5,0,1,0,0,1,0,4.18
25,2023,7,15,17,2,9,0,1,0,1,0,1,5.79
25,2023,8,14,17,2,9,1,1,0,0,0,0,4.58
25,2023,9,15,17,1,5,0,1,0,0,0,0,2.11
25,2023,10,8,9,2,3,0,1,0,0,0,0,4.55
25,2023,11,6,7,2,3,1,1,0,0,0,0,3.88
25,2023,12,14,17,2,6,0,1,0,0,0,0,4.3
25,2024,1,12,13,1,4,0,1,0,0,0,0,2.71
25,2024,2,17,19,1,6,1,1,0,0,0,0,3.22
25,2024,3,9,9,1,3,0,1,0,0,0,0,3.56
25,2024,4,19,22,1,8,0,1,0,0,1,1,3.97
25,2024,5,13,15,1,4,1,1,1,0,0,1,5.86
25,2024,6,10,11,0,3,0,0,0,0,1,0,3.22
25,2024,7,12,14,2,6,0,1,0,1,0,1,6.07
25,2024,8,7,9,1,2,1,1,0,0,0,0,2.93
25,2024,9,6,7,2,2,0,1,0,0,0,0,2.95
25,2024,10,10,12,0,2,0,0,0,0,0,0,1.44
25,2024,11,13,15,2,7,1,1,0,0,0,0,4.91
25,2024,12,10,11,2,3,0,1,0,0,0,0,3.66
25,2025,1,12,13,0,6,0,0,0,0,0,0,2.2
25,2025,2,10,11,1,5,1,1,0,0,0,0,3.29
25,2025,3,11,13,2,6,0,1,0,0,0,0,4.81
25,2025,4,12,13,2,4,0,1,0,0,1,1,3.66
25,2025,5,9,10,2,3,1,1,1,0,0,1,4.87
25,2025,6,14,15,1,4,0,1,0,0,1,0,4.03
25,2025,7,8,8,0,6,0,0,0,1,0,1,4.17
25,2025,8,16,20,2,1,1,1,0,0,0,0,5.17
25,2025,9,3,3,2,1,0,1,0,0,0,0,3.14
25,2025,10,12,13,2,6,0,1,0,0,0,0,3.56
25,2025,11,12,12,0,5,1,0,0,0,0,0,3.14
25,2025,12,17,20,1,12,0,1,0,0,0,0,3.99
25,2026,1,13,17,0,3,0,0,0,0,0,0,3.61
25,2026,2,14,16,2,7,1,1,0,0,0,0,4.64
25,2026,3,14,16,2,4,0,1,0,0,0,0,3.24
25,2026,4,11,14,0,8,0,0,0,0,1,1,3.43
25,2026,5,15,15,0,2,1,0,1,0,0,1,3.16
26,2023,6,13,18,1,6,0,1,0,0,1,0,4.09
26,2023,7,9,13,1,4,0,1,0,1,0,1,5.79
26,2023,8,11,10,1,5,1,1,0,0,0,0,3.75
26,2023,9,9,10,1,3,0,1,0,0,0,0,2.81
26,2023,10,12,13,2,4,0,1,0,0,0,0,3.69
26,2023,11,10,11,2,4,1,1,0,0,0,0,4.53
26,2023,12,11,12,2,3,0,1,0,0,0,0,4.06
26,2024,1,10,12,1,4,0,1,0,0,0,0,3.05
26,2024,2,18,20,2,13,1,1,0,0,0,0,4.51
26,2024,3,11,12,2,5,0,1,0,0,0,0,1.89
26,2024,4,11,12,0,2,0,0,0,0,1,1,3.41
26,2024,5,12,14,2,4,1,1,1,0,0,1,6.08
26,2024,6,6,6,1,2,0,1,0,0,1,0,3.38
26,2024,7,7,7,1,2,0,1,0,1,0,1,4.31
26,2024,8,11,15,2,2,1,1,0,0,0,0,4.61
26,2024,9,9,10,2,2,0,1,0,0,0,0,2.9
26,2024,10,8,9,2,2,0,1,0,0,0,0,2.98
26,2024,11,10,11,2,3,1,1,0,0,0,0,3.8
26,2024,12,6,7,1,2,0,1,0,0,0,0,2.69
26,2025,1,10,13,1,5,0,1,0,0,0,0,2.18
26,2025,2,8,10,1,3,1,1,0,0,0,0,3.66
26,2025,3,18,18,2,8,0,1,0,0,0,0,3.29
26,2025,4,7,7,0,6,0,0,0,0,1,1,2.27
26,2025,5,8,9,1,5,1,1,1,0,0,1,5.59
26,2025,6,11,12,2,7,0,1,0,0,1,0,3.67
26,2025,7,18,18,0,8,0,0,0,1,0,1,5.29
26,2025,8,12,15,1,5,1,1,0,0,0,0,3.74
26,2025,9,7,7,0,3,0,0,0,0,0,0,0.67
26,2025,10,13,17,0,8,0,0,0,0,0,0,3.22
26,2025,11,7,9,1,2,1,1,0,0,0,0,3.41
26,2025,12,16,18,0,6,0,0,0,0,0,0,2.63
26,2026,1,13,16,0,6,0,0,0,0,0,0,2.88
26,2026,2,12,12,1,3,1,1,0,0,0,0,4.33
26,2026,3,12,15,1,5,0,1,0,0,0,0,3.11
26,2026,4,14,15,0,1,0,0,0,0,1,1,3.33
26,2026,5,8,8,1,3,1,1,1,0,0,1,5.15
27,2023,6,48,54,2,22,1,1,0,0,1,0,7.29
27,2023,7,38,42,3,17,1,1,0,1,0,1,7.48
27,2023,8,29,32,2,21,1,1,0,0,0,0,5.52
27,2023,9,33,41,2,17,1,1,0,0,0,0,6.58
27,2023,10,32,34,3,19,1,1,0,0,0,0,6.22
27,2023,11,37,49,4,19,1,1,0,0,0,0,6.49
27,2023,12,47,48,3,21,1,1,0,0,0,0,7.36
27,2024,1,44,58,3,20,1,1,0,0,0,0,7.03
27,2024,2,49,51,3,18,1,1,0,0,0,0,5.51
27,2024,3,36,41,2,14,1,1,0,0,0,0,6.26
27,2024,4,49,54,2,21,1,1,0,0,1,1,6.9
27,2024,5,58,65,3,25,1,1,1,0,0,1,10.47
27,2024,6,41,50,3,11,1,1,0,0,1,0,8.05
27,2024,7,40,52,3,13,1,1,0,1,0,1,8.71
27,2024,8,35,44,4,14,1,1,0,0,0,0,6.97
27,2024,9,32,36,3,11,1,1,0,0,0,0,7.17
27,2024,10,42,49,2,14,1,1,0,0,0,0,6.69
27,2024,11,51,55,3,26,1,1,0,0,0,0,7.39
27,2024,12,46,48,3,23,1,1,0,0,0,0,8.5
27,2025,1,43,45,2,16,1,1,0,0,0,0,6.01
27,2025,2,47,52,3,13,1,1,0,0,0,0,7.01
27,2025,3,35,41,4,18,1,1,0,0,0,0,6.1
27,2025,4,41,39,3,23,1,1,0,0,1,1,6.14
27,2025,5,34,39,3,13,1,1,1,0,0,1,7.41
27,2025,6,40,52,2,22,1,1,0,0,1,0,7.41
27,2025,7,41,52,2,13,1,1,0,1,0,1,8.6
27,2025,8,46,50,2,15,1,1,0,0,0,0,5.32
27,2025,9,40,40,4,14,1,1,0,0,0,0,6.87
27,2025,10,38,45,4,11,1,1,0,0,0,0,6.15
27,2025,11,41,38,3,14,1,1,0,0,0,0,6.29
27,2025,12,44,55,4,24,1,1,0,0,0,0,8.18
27,2026,1,44,50,3,13,1,1,0,0,0,0,6.31
27,2026,2,30,40,3,12,1,1,0,0,0,0,5.39
27,2026,3,44,43,3,21,1,1,0,0,0,0,7.35
27,2026,4,48,60,2,17,1,1,0,0,1,1,8.19
27,2026,5,43,49,3,18,1,1,1,0,0,1,8.39
28,2023,6,29,32,4,14,1,1,0,0,1,0,7.52
28,2023,7,34,34,3,14,1,1,0,1,0,1,7.63
28,2023,8,44,53,4,26,1,1,0,0,0,0,6.91
28,2023,9,40,49,2,15,1,1,0,0,0,0,5.28
28,2023,10,31,41,2,11,1,1,0,0,0,0,5.27
28,2023,11,47,59,2,20,1,1,0,0,0,0,7.03
28,2023,12,37,40,3,15,1,1,0,0,0,0,6.66
28,2024,1,27,28,4,18,1,1,0,0,0,0,5.73
28,2024,2,43,44,3,17,1,1,0,0,0,0,6.83
28,2024,3,41,53,3,16,1,1,0,0,0,0,6.42
28,2024,4,50,54,3,18,1,1,0,0,1,1,7.03
28,2024,5,38,49,3,16,1,1,1,0,0,1,7.13
28,2024,6,34,41,4,14,1,1,0,0,1,0,6.81
28,2024,7,29,34,2,11,1,1,0,1,0,1,6.31
28,2024,8,45,50,2,17,1,1,0,0,0,0,7.2
28,2024,9,39,47,4,13,1,1,0,0,0,0,6.82
28,2024,10,31,36,3,11,1,1,0,0,0,0,5.44
28,2024,11,34,38,2,10,1,1,0,0,0,0,6.18
28,2024,12,38,46,4,14,1,1,0,0,0,0,5.75
28,2025,1,48,55,2,21,1,1,0,0,0,0,6.3
28,2025,2,38,41,2,14,1,1,0,0,0,0,6.63
28,2025,3,32,39,2,13,1,1,0,0,0,0,5.21
28,2025,4,38,43,2,25,1,1,0,0,1,1,8.19
28,2025,5,43,52,4,20,1,1,1,0,0,1,9.09
28,2025,6,49,54,4,17,1,1,0,0,1,0,8.67
28,2025,7,41,42,3,15,1,1,0,1,0,1,8.84
28,2025,8,34,45,4,17,1,1,0,0,0,0,6.58
28,2025,9,30,39,2,18,1,1,0,0,0,0,5.16
28,2025,10,45,56,3,15,1,1,0,0,0,0,6.6
28,2025,11,35,39,2,13,1,1,0,0,0,0,4.7
28,2025,12,38,43,4,12,1,1,0,0,0,0,6.27
28,2026,1,49,63,3,18,1,1,0,0,0,0,7.13
28,2026,2,56,62,4,18,1,1,0,0,0,0,8.51
28,2026,3,25,27,3,9,1,1,0,0,0,0,5.31
28,2026,4,37,49,3,14,1,1,0,0,1,1,8.53
28,2026,5,44,50,4,20,1,1,1,0,0,1,7.21
29,2023,6,42,56,4,13,0,1,0,0,1,0,7.63
29,2023,7,42,42,2,18,0,1,0,1,0,1,7.96
29,2023,8,51,61,4,20,1,1,0,0,0,0,9.57
29,2023,9,34,46,4,22,0,1,0,0,0,0,7.04
29,2023,10,42,48,2,16,0,1,0,0,0,0,5.16
29,2023,11,41,46,4,14,1,1,0,0,0,0,7.4
29,2023,12,42,43,2,21,0,1,0,0,0,0,5.2
29,2024,1,35,44,3,11,0,1,0,0,0,0,5.27
29,2024,2,36,39,2,13,1,1,0,0,0,0,7.31
29,2024,3,38,43,2,14,0,1,0,0,0,0,5.45
29,2024,4,33,34,3,16,0,1,0,0,1,1,6.75
29,2024,5,31,40,4,15,1,1,1,0,0,1,8.98
29,2024,6,52,66,4,23,0,1,0,0,1,0,9.18
29,2024,7,49,56,3,19,0,1,0,1,0,1,9.04
29,2024,8,37,38,4,12,1,1,0,0,0,0,6.8
29,2024,9,27,35,2,9,0,1,0,0,0,0,5.2
29,2024,10,42,47,4,21,0,1,0,0,0,0,7.98
29,2024,11,43,45,2,22,1,1,0,0,0,0,7.37
29,2024,12,32,31,3,20,0,1,0,0,0,0,4.91
29,2025,1,41,45,4,7,0,1,0,0,0,0,7.1
29,2025,2,30,30,2,16,1,1,0,0,0,0,5.96
29,2025,3,36,39,3,13,0,1,0,0,0,0,5.5
29,2025,4,56,69,4,15,0,1,0,0,1,1,9.33
29,2025,5,43,48,4,13,1,1,1,0,0,1,9.79
29,2025,6,43,51,2,16,0,1,0,0,1,0,7.22
29,2025,7,33,36,3,16,0,1,0,1,0,1,8.51
29,2025,8,42,49,2,20,1,1,0,0,0,0,6.46
29,2025,9,36,48,3,17,0,1,0,0,0,0,7.76
29,2025,10,39,43,3,16,0,1,0,0,0,0,5.07
29,2025,11,34,40,2,12,1,1,0,0,0,0,6.48
29,2025,12,32,32,4,11,0,1,0,0,0,0,6.08
29,2026,1,28,36,3,12,0,1,0,0,0,0,6.04
29,2026,2,47,52,3,12,1,1,0,0,0,0,6.93
29,2026,3,35,44,2,13,0,1,0,0,0,0,6.39
29,2026,4,43,49,2,15,0,1,0,0,1,1,6.97
29,2026,5,37,45,3,8,1,1,1,0,0,1,7.89
30,2023,6,29,35,3,8,0,1,0,0,1,0,5.12
30,2023,7,51,56,2,21,0,1,0,1,0,1,8.3
30,2023,8,37,47,4,17,1,1,0,0,0,0,5.99
30,2023,9,27,29,3,10,0,1,0,0,0,0,5.72
30,2023,10,29,36,2,12,0,1,0,0,0,0,5.28
30,2023,11,43,48,3,14,1,1,0,0,0,0,7.56
30,2023,12,41,49,2,14,0,1,0,0,0,0,6.46
30,2024,1,44,49,2,14,0,1,0,0,0,0,5.22
30,2024,2,36,42,2,14,1,1,0,0,0,0,5.18
30,2024,3,45,47,2,14,0,1,0,0,0,0,3.71
30,2024,4,43,51,3,14,0,1,0,0,1,1,6.6
30,2024,5,45,52,4,15,1,1,1,0,0,1,9.85
30,2024,6,33,36,2,14,0,1,0,0,1,0,5.1
30,2024,7,39,45,2,23,0,1,0,1,0,1,7.56
30,2024,8,30,35,2,10,1,1,0,0,0,0,4.86
30,2024,9,29,32,2,12,0,1,0,0,0,0,4.66
30,2024,10,35,40,2,14,0,1,0,0,0,0,5.71
30,2024,11,36,38,2,18,1,1,0,0,0,0,4.69
30,2024,12,40,55,4,12,0,1,0,0,0,0,5.76
30,2025,1,35,44,3,18,0,1,0,0,0,0,6.62
30,2025,2,40,47,3,21,1,1,0,0,0,0,7.08
30,2025,3,40,51,4,23,0,1,0,0,0,0,6.55
30,2025,4,39,37,2,19,0,1,0,0,1,1,6.84
30,2025,5,45,40,2,17,1,1,1,0,0,1,6.51
30,2025,6,35,39,3,6,0,1,0,0,1,0,6.49
30,2025,7,24,24,3,17,0,1,0,1,0,1,6.74
30,2025,8,43,48,2,18,1,1,0,0,0,0,6.52
30,2025,9,39,46,3,15,0,1,0,0,0,0,4.3
30,2025,10,34,42,2,17,0,1,0,0,0,0,4.99
30,2025,11,41,42,2,9,1,1,0,0,0,0,5.98
30,2025,12,43,51,3,22,0,1,0,0,0,0,6.2
30,2026,1,46,53,4,16,0,1,0,0,0,0,7.34
30,2026,2,40,47,4,11,1,1,0,0,0,0,7.48
30,2026,3,30,33,4,11,0,1,0,0,0,0,4.76
30,2026,4,29,37,3,15,0,1,0,0,1,1,6.61
30,2026,5,42,48,2,20,1,1,1,0,0,1,7.27
31,2023,6,124,165,13,46,1,1,0,0,1,0,16.54
31,2023,7,125,134,14,52,1,1,0,1,0,1,17.12
31,2023,8,134,164,13,43,1,1,0,0,0,0,15.12
31,2023,9,127,145,13,71,1,1,0,0,0,0,15.99
31,2023,10,127,142,13,44,1,1,0,0,0,0,14.31
31,2023,11,121,147,13,49,1,1,0,0,0,0,14.64
31,2023,12,101,113,14,36,1,1,0,0,0,0,13.82
31,2024,1,149,132,14,55,1,1,0,0,0,0,14.33
31,2024,2,131,111,13,56,1,1,0,0,0,0,12.96
31,2024,3,105,134,14,38,1,1,0,0,0,0,15.07
31,2024,4,110,140,15,59,1,1,0,0,1,1,16.52
31,2024,5,121,162,14,71,1,1,1,0,0,1,17.24
31,2024,6,125,144,13,46,1,1,0,0,1,0,16.03
31,2024,7,138,141,13,52,1,1,0,1,0,1,16.43
31,2024,8,140,155,14,49,1,1,0,0,0,0,14.9
31,2024,9,140,161,13,49,1,1,0,0,0,0,14.15
31,2024,10,119,125,15,46,1,1,0,0,0,0,15.17
31,2024,11,118,155,15,49,1,1,0,0,0,0,15.61
31,2024,12,122,168,14,43,1,1,0,0,0,0,15.44
31,2025,1,143,171,15,60,1,1,0,0,0,0,17.57
31,2025,2,128,147,15,49,1,1,0,0,0,0,16.23
31,2025,3,139,142,13,54,1,1,0,0,0,0,14.42
31,2025,4,110,144,14,38,1,1,0,0,1,1,16.22
31,2025,5,133,154,14,69,1,1,1,0,0,1,18.91
31,2025,6,130,146,14,51,1,1,0,0,1,0,16.94
31,2025,7,123,147,14,57,1,1,0,1,0,1,18.19
31,2025,8,111,121,14,47,1,1,0,0,0,0,14.28
31,2025,9,121,141,15,36,1,1,0,0,0,0,14.83
31,2025,10,122,123,13,51,1,1,0,0,0,0,13.88
31,2025,11,126,159,14,59,1,1,0,0,0,0,16.48
31,2025,12,133,152,13,54,1,1,0,0,0,0,14.61
31,2026,1,122,154,15,53,1,1,0,0,0,0,15.73
31,2026,2,130,147,13,44,1,1,0,0,0,0,13.99
31,2026,3,121,138,13,47,1,1,0,0,0,0,14.65
31,2026,4,132,136,13,45,1,1,0,0,1,1,15.16
31,2026,5,125,153,14,54,1,1,1,0,0,1,16.81
32,2023,6,17,18,1,4,0,1,0,0,1,0,3.71
32,2023,7,22,24,2,11,0,1,0,1,0,1,4.52
32,2023,8,31,36,1,14,1,1,0,0,0,0,3.72
32,2023,9,34,40,0,20,0,0,0,0,0,0,3.76
32,2023,10,24,24,1,9,0,1,0,0,0,0,3.46
32,2023,11,26,29,0,11,1,0,0,0,0,0,2.61
32,2023,12,33,41,1,14,0,1,0,0,0,0,3.95
32,2024,1,19,21,2,9,0,1,0,0,0,0,2.66
32,2024,2,32,36,0,10,1,0,0,0,0,0,3.27
32,2024,3,16,19,2,2,0,1,0,0,0,0,2.93
32,2024,4,25,28,0,6,0,0,0,0,1,1,3.43
32,2024,5,28,29,2,15,1,1,1,0,0,1,5.77
32,2024,6,28,32,2,10,0,1,0,0,1,0,4.55
32,2024,7,19,24,2,5,0,1,0,1,0,1,4.34
32,2024,8,16,17,2,6,1,1,0,0,0,0,3.64
32,2024,9,17,19,2,6,0,1,0,0,0,0,3.28
32,2024,10,13,13,0,10,0,0,0,0,0,0,2.2
32,2024,11,19,24,0,8,1,0,0,0,0,0,2.35
32,2024,12,27,31,1,10,0,1,0,0,0,0,3.8
32,2025,1,21,22,1,6,0,1,0,0,0,0,1.94
32,2025,2,22,26,1,10,1,1,0,0,0,0,3.31
32,2025,3,23,24,2,10,0,1,0,0,0,0,3.13
32,2025,4,28,29,0,6,0,0,0,0,1,1,2.38
32,2025,5,19,19,2,10,1,1,1,0,0,1,4.81
32,2025,6,24,25,1,9,0,1,0,0,1,0,3.81
32,2025,7,20,26,0,8,0,0,0,1,0,1,3.06
32,2025,8,24,26,2,12,1,1,0,0,0,0,3.75
32,2025,9,18,22,0,9,0,0,0,0,0,0,1.12
32,2025,10,21,22,1,5,0,1,0,0,0,0,3.92
32,2025,11,21,26,2,5,1,1,0,0,0,0,3.92
32,2025,12,27,28,2,10,0,1,0,0,0,0,3.55
32,2026,1,28,32,0,9,0,0,0,0,0,0,2.76
32,2026,2,24,28,0,12,1,0,0,0,0,0,3.44
32,2026,3,30,41,0,12,0,0,0,0,0,0,3.71
32,2026,4,27,33,0,11,0,0,0,0,1,1,2.52
32,2026,5,27,29,2,12,1,1,1,0,0,1,6.28
33,2023,6,9,11,2,6,0,1,0,0,1,0,3.98
33,2023,7,15,20,1,5,0,1,0,1,0,1,4.28
33,2023,8,9,9,1,3,1,1,0,0,0,0,2.46
33,2023,9,21,22,0,9,0,0,0,0,0,0,0.25
33,2023,10,11,12,0,11,0,0,0,0,0,0,0.97
33,2023,11,10,11,0,2,1,0,0,0,0,0,2.28
33,2023,12,11,12,2,1,0,1,0,0,0,0,3.15
33,2024,1,12,12,0,2,0,0,0,0,0,0,1.92
33,2024,2,12,15,0,5,1,0,0,0,0,0,2.18
33,2024,3,14,14,2,9,0,1,0,0,0,0,3.89
33,2024,4,14,16,1,6,0,1,0,0,1,1,3.7
33,2024,5,11,14,1,2,1,1,1,0,0,1,3.82
33,2024,6,13,15,0,6,0,0,0,0,1,0,3.74
33,2024,7,14,15,0,9,0,0,0,1,0,1,2.92
33,2024,8,16,16,1,10,1,1,0,0,0,0,2.14
33,2024,9,12,14,1,3,0,1,0,0,0,0,1.96
33,2024,10,13,14,1,4,0,1,0,0,0,0,1.79
33,2024,11,12,14,0,5,1,0,0,0,0,0,1.96
33,2024,12,15,15,0,9,0,0,0,0,0,0,2.28
33,2025,1,14,17,0,10,0,0,0,0,0,0,1.89
33,2025,2,8,9,1,3,1,1,0,0,0,0,2.52
33,2025,3,14,16,0,7,0,0,0,0,0,0,1.82
33,2025,4,16,21,0,6,0,0,0,0,1,1,1.31
33,2025,5,10,11,1,2,1,1,1,0,0,1,3.02
33,2025,6,11,12,1,3,0,1,0,0,1,0,2.61
33,2025,7,11,12,0,3,0,0,0,1,0,1,2.78
33,2025,8,8,9,2,2,1,1,0,0,0,0,2.72
33,2025,9,15,17,1,10,0,1,0,0,0,0,3.38
33,2025,10,12,13,1,6,0,1,0,0,0,0,2.21
33,2025,11,12,11,1,8,1,1,0,0,0,0,1.96
33,2025,12,8,9,0,0,0,0,0,0,0,0,0.81
33,2026,1,11,13,1,1,0,1,0,0,0,0,3.14
33,2026,2,12,14,1,4,1,1,0,0,0,0,3.7
33,2026,3,12,15,0,4,0,0,0,0,0,0,2.02
33,2026,4,15,20,1,5,0,1,0,0,1,1,2.31
33,2026,5,18,22,0,9,1,0,1,0,0,1,4.16
34,2023,6,23,30,1,14,0,1,0,0,1,0,6.24
34,2023,7,23,28,0,11,0,0,0,1,0,1,6.45
34,2023,8,23,30,0,8,1,0,0,0,0,0,4.2
34,2023,9,20,27,1,7,0,1,0,0,0,0,4.21
34,2023,10,17,21,1,3,0,1,0,0,0,0,3.48
34,2023,11,22,27,2,16,1,1,0,0,0,0,5.47
34,2023,12,21,24,1,6,0,1,0,0,0,0,5.01
34,2024,1,19,22,0,5,0,0,0,0,0,0,3.59
34,2024,2,27,30,1,17,1,1,0,0,0,0,5.69
34,2024,3,28,34,2,16,0,1,0,0,0,0,6.03
34,2024,4,23,25,0,8,0,0,0,0,1,1,4.71
34,2024,5,20,23,2,12,1,1,1,0,0,1,9.17
34,2024,6,20,18,1,4,0,1,0,0,1,0,5.31
34,2024,7,15,20,0,4,0,0,0,1,0,1,6.1
34,2024,8,22,25,2,9,1,1,0,0,0,0,5.76
34,2024,9,17,20,0,6,0,0,0,0,0,0,2.7
34,2024,10,19,25,1,4,0,1,0,0,0,0,5.0
34,2024,11,19,22,0,11,1,0,0,0,0,0,4.51
34,2024,12,19,25,1,3,0,1,0,0,0,0,3.63
34,2025,1,20,21,0,12,0,0,0,0,0,0,3.55
34,2025,2,30,42,0,7,1,0,0,0,0,0,5.82
34,2025,3,26,33,1,11,0,1,0,0,0,0,3.75
34,2025,4,17,20,2,6,0,1,0,0,1,1,4.99
34,2025,5,20,26,0,6,1,0,1,0,0,1,6.44
34,2025,6,28,29,1,8,0,1,0,0,1,0,4.54
34,2025,7,24,27,2,11,0,1,0,1,0,1,6.8
34,2025,8,25,32,0,9,1,0,0,0,0,0,4.55
34,2025,9,18,17,1,4,0,1,0,0,0,0,3.92
34,2025,10,22,27,2,9,0,1,0,0,0,0,5.38
34,2025,11,19,23,2,7,1,1,0,0,0,0,6.47
34,2025,12,23,31,0,8,0,0,0,0,0,0,3.84
34,2026,1,18,18,2,13,0,1,0,0,0,0,4.38
34,2026,2,27,35,2,11,1,1,0,0,0,0,5.71
34,2026,3,21,23,1,12,0,1,0,0,0,0,4.13
34,2026,4,29,32,1,8,0,1,0,0,1,1,6.32
34,2026,5,18,19,2,7,1,1,1,0,0,1,7.74
35,2023,6,40,42,5,13,0,1,0,0,1,0,7.62
35,2023,7,35,42,5,14,0,1,0,1,0,1,9.18
35,2023,8,45,47,5,17,1,1,0,0,0,0,8.42
35,2023,9,33,40,4,9,0,1,0,0,0,0,5.9
35,2023,10,51,55,3,19,0,1,0,0,0,0,7.41
35,2023,11,45,46,3,16,1,1,0,0,0,0,6.22
35,2023,12,38,42,5,18,0,1,0,0,0,0,6.68
35,2024,1,48,57,4,16,0,1,0,0,0,0,6.77
35,2024,2,49,55,3,22,1,1,0,0,0,0,7.85
35,2024,3,44,51,3,24,0,1,0,0,0,0,5.92
35,2024,4,56,68,3,17,0,1,0,0,1,1,7.97
35,2024,5,48,60,4,24,1,1,1,0,0,1,8.76
35,2024,6,39,44,4,21,0,1,0,0,1,0,7.75
35,2024,7,47,49,4,17,0,1,0,1,0,1,9.65
35,2024,8,36,42,5,13,1,1,0,0,0,0,7.78
35,2024,9,63,75,4,17,0,1,0,0,0,0,8.59
35,2024,10,45,45,5,19,0,1,0,0,0,0,7.43
35,2024,11,49,52,5,12,1,1,0,0,0,0,8.19
35,2024,12,48,52,3,19,0,1,0,0,0,0,6.79
35,2025,1,45,51,3,24,0,1,0,0,0,0,6.94
35,2025,2,31,33,5,13,1,1,0,0,0,0,6.33
35,2025,3,46,56,4,18,0,1,0,0,0,0,6.95
35,2025,4,41,41,5,12,0,1,0,0,1,1,7.41
35,2025,5,51,51,4,21,1,1,1,0,0,1,9.06
35,2025,6,39,44,3,16,0,1,0,0,1,0,5.83
35,2025,7,50,57,5,22,0,1,0,1,0,1,9.23
35,2025,8,52,52,5,19,1,1,0,0,0,0,8.14
35,2025,9,55,60,4,19,0,1,0,0,0,0,7.87
35,2025,10,46,51,4,16,0,1,0,0,0,0,6.72
35,2025,11,47,52,3,14,1,1,0,0,0,0,8.59
35,2025,12,46,54,5,16,0,1,0,0,0,0,6.79
35,2026,1,42,46,4,13,0,1,0,0,0,0,6.6
35,2026,2,58,75,5,26,1,1,0,0,0,0,10.32
35,2026,3,49,59,3,24,0,1,0,0,0,0,7.63
35,2026,4,52,56,5,23,0,1,0,0,1,1,8.99
35,2026,5,46,53,5,22,1,1,1,0,0,1,10.5
36,2023,6,55,64,7,21,0,1,0,0,1,0,7.98
36,2023,7,63,80,6,25,0,1,0,1,0,1,10.51
36,2023,8,68,74,7,27,1,1,0,0,0,0,9.15
36,2023,9,74,91,6,24,0,1,0,0,0,0,7.65
36,2023,10,55,63,7,21,0,1,0,0,0,0,7.36
36,2023,11,63,82,7,22,1,1,0,0,0,0,7.68
36,2023,12,69,88,7,21,0,1,0,0,0,0,9.22
36,2024,1,59,69,7,23,0,1,0,0,0,0,7.63
36,2024,2,58,65,5,29,1,1,0,0,0,0,8.11
36,2024,3,59,71,7,18,0,1,0,0,0,0,7.39
36,2024,4,57,65,7,27,0,1,0,0,1,1,7.04
36,2024,5,70,92,6,33,1,1,1,0,0,1,11.95
36,2024,6,59,68,6,24,0,1,0,0,1,0,7.92
36,2024,7,71,79,7,17,0,1,0,1,0,1,9.01
36,2024,8,63,70,6,29,1,1,0,0,0,0,8.58
36,2024,9,49,50,6,18,0,1,0,0,0,0,7.36
36,2024,10,84,101,7,40,0,1,0,0,0,0,9.3
36,2024,11,56,60,7,24,1,1,0,0,0,0,7.6
36,2024,12,77,97,5,28,0,1,0,0,0,0,8.33
36,2025,1,52,53,7,23,0,1,0,0,0,0,6.1
36,2025,2,68,79,5,20,1,1,0,0,0,0,7.28
36,2025,3,59,75,5,27,0,1,0,0,0,0,8.22
36,2025,4,54,50,7,22,0,1,0,0,1,1,7.26
36,2025,5,67,91,5,22,1,1,1,0,0,1,9.15
36,2025,6,70,78,5,20,0,1,0,0,1,0,7.56
36,2025,7,57,66,5,21,0,1,0,1,0,1,9.04
36,2025,8,55,66,6,20,1,1,0,0,0,0,6.28
36,2025,9,54,66,5,18,0,1,0,0,0,0,6.65
36,2025,10,54,64,5,22,0,1,0,0,0,0,7.99
36,2025,11,66,82,6,26,1,1,0,0,0,0,9.57
36,2025,12,71,85,5,33,0,1,0,0,0,0,8.12
36,2026,1,53,70,5,17,0,1,0,0,0,0,7.44
36,2026,2,47,57,7,11,1,1,0,0,0,0,7.96
36,2026,3,60,81,6,21,0,1,0,0,0,0,7.55
36,2026,4,58,72,5,24,0,1,0,0,1,1,8.22
36,2026,5,72,70,5,39,1,1,1,0,0,1,10.24
37,2023,6,33,47,3,9,0,1,0,0,1,0,6.23
37,2023,7,32,35,1,7,0,1,0,1,0,1,7.03
37,2023,8,28,36,1,12,1,1,0,0,0,0,5.48
37,2023,9,33,38,2,10,0,1,0,0,0,0,5.14
37,2023,10,33,41,3,11,0,1,0,0,0,0,5.77
37,2023,11,30,32,2,15,1,1,0,0,0,0,5.75
37,2023,12,30,36,3,13,0,1,0,0,0,0,5.73
37,2024,1,27,30,2,8,0,1,0,0,0,0,5.2
37,2024,2,33,43,1,12,1,1,0,0,0,0,5.96
37,2024,3,31,37,3,9,0,1,0,0,0,0,5.35
37,2024,4,34,42,3,16,0,1,0,0,1,1,6.44
37,2024,5,27,25,3,11,1,1,1,0,0,1,7.01
37,2024,6,27,31,1,9,0,1,0,0,1,0,5.26
37,2024,7,29,35,2,7,0,1,0,1,0,1,6.73
37,2024,8,26,30,2,8,1,1,0,0,0,0,5.81
37,2024,9,30,37,1,14,0,1,0,0,0,0,4.94
37,2024,10,21,23,3,11,0,1,0,0,0,0,5.38
37,2024,11,28,32,1,14,1,1,0,0,0,0,4.72
37,2024,12,27,34,1,15,0,1,0,0,0,0,4.05
37,2025,1,30,28,3,8,0,1,0,0,0,0,5.57
37,2025,2,26,31,2,12,1,1,0,0,0,0,5.52
37,2025,3,29,32,3,8,0,1,0,0,0,0,5.0
37,2025,4,44,47,2,17,0,1,0,0,1,1,7.22
37,2025,5,30,36,3,8,1,1,1,0,0,1,8.23
37,2025,6,40,51,1,14,0,1,0,0,1,0,5.7
37,2025,7,27,34,3,9,0,1,0,1,0,1,8.47
37,2025,8,34,39,1,7,1,1,0,0,0,0,5.02
37,2025,9,31,38,1,9,0,1,0,0,0,0,5.59
37,2025,10,33,41,2,17,0,1,0,0,0,0,4.7
37,2025,11,29,33,2,8,1,1,0,0,0,0,5.61
37,2025,12,25,27,1,16,0,1,0,0,0,0,4.06
37,2026,1,37,40,3,18,0,1,0,0,0,0,4.76
37,2026,2,31,38,1,15,1,1,0,0,0,0,5.88
37,2026,3,34,39,3,16,0,1,0,0,0,0,4.67
37,2026,4,39,41,1,22,0,1,0,0,1,1,5.97
37,2026,5,37,36,1,9,1,1,1,0,0,1,7.59
38,2023,6,23,28,0,6,0,0,0,0,1,0,3.13
38,2023,7,21,23,1,12,0,1,0,1,0,1,4.77
38,2023,8,20,24,1,7,1,1,0,0,0,0,4.26
38,2023,9,24,31,0,6,0,0,0,0,0,0,2.63
38,2023,10,22,22,1,6,0,1,0,0,0,0,2.79
38,2023,11,29,33,2,12,1,1,0,0,0,0,5.56
38,2023,12,31,35,0,12,0,0,0,0,0,0,2.47
38,2024,1,24,29,0,8,0,0,0,0,0,0,2.47
38,2024,2,28,36,1,9,1,1,0,0,0,0,4.97
38,2024,3,31,32,2,10,0,1,0,0,0,0,3.34
38,2024,4,24,29,0,14,0,0,0,0,1,1,4.8
38,2024,5,19,24,0,8,1,0,1,0,0,1,4.5
38,2024,6,25,28,0,11,0,0,0,0,1,0,4.12
38,2024,7,15,17,1,4,0,1,0,1,0,1,5.28
38,2024,8,18,21,0,9,1,0,0,0,0,0,2.88
38,2024,9,24,28,1,10,0,1,0,0,0,0,3.18
38,2024,10,30,36,1,15,0,1,0,0,0,0,4.0
38,2024,11,20,24,0,4,1,0,0,0,0,0,3.4
38,2024,12,26,27,2,12,0,1,0,0,0,0,3.29
38,2025,1,33,41,2,14,0,1,0,0,0,0,3.93
38,2025,2,21,27,2,11,1,1,0,0,0,0,5.35
38,2025,3,17,20,2,10,0,1,0,0,0,0,3.02
38,2025,4,20,20,0,10,0,0,0,0,1,1,3.37
38,2025,5,15,17,2,6,1,1,1,0,0,1,5.21
38,2025,6,17,20,0,3,0,0,0,0,1,0,2.85
38,2025,7,17,18,0,7,0,0,0,1,0,1,5.05
38,2025,8,18,20,1,4,1,1,0,0,0,0,3.43
38,2025,9,18,18,2,4,0,1,0,0,0,0,2.96
38,2025,10,17,21,1,7,0,1,0,0,0,0,2.85
38,2025,11,25,29,1,12,1,1,0,0,0,0,3.89
38,2025,12,22,22,1,11,0,1,0,0,0,0,2.79
38,2026,1,19,23,1,6,0,1,0,0,0,0,2.79
38,2026,2,14,16,1,5,1,1,0,0,0,0,4.31
38,2026,3,22,26,1,10,0,1,0,0,0,0,3.79
38,2026,4,20,22,1,7,0,1,0,0,1,1,3.67
38,2026,5,22,24,1,12,1,1,1,0,0,1,6.05
39,2023,6,18,19,0,6,0,0,0,0,1,0,2.2
39,2023,7,21,23,0,8,0,0,0,1,0,1,5.55
39,2023,8,19,22,0,7,1,0,0,0,0,0,3.91
39,2023,9,18,21,1,5,0,1,0,0,0,0,4.46
39,2023,10,17,19,0,6,0,0,0,0,0,0,2.9
39,2023,11,25,28,0,10,1,0,0,0,0,0,3.81
39,2023,12,24,27,2,5,0,1,0,0,0,0,4.65
39,2024,1,22,31,0,6,0,0,0,0,0,0,2.56
39,2024,2,26,28,2,7,1,1,0,0,0,0,4.4
39,2024,3,18,20,0,4,0,0,0,0,0,0,2.24
39,2024,4,30,44,2,9,0,1,0,0,1,1,6.6
39,2024,5,33,39,0,11,1,0,1,0,0,1,5.28
39,2024,6,25,25,1,9,0,1,0,0,1,0,3.75
39,2024,7,30,37,2,15,0,1,0,1,0,1,7.03
39,2024,8,21,22,0,12,1,0,0,0,0,0,3.72
39,2024,9,24,30,1,5,0,1,0,0,0,0,3.18
39,2024,10,21,24,2,10,0,1,0,0,0,0,4.28
39,2024,11,29,32,0,13,1,0,0,0,0,0,4.69
39,2024,12,28,37,0,14,0,0,0,0,0,0,4.24
39,2025,1,27,33,2,12,0,1,0,0,0,0,4.64
39,2025,2,31,39,0,11,1,0,0,0,0,0,4.12
39,2025,3,19,23,2,5,0,1,0,0,0,0,4.7
39,2025,4,19,21,2,5,0,1,0,0,1,1,4.42
39,2025,5,25,30,2,13,1,1,1,0,0,1,7.12
39,2025,6,22,28,2,7,0,1,0,0,1,0,6.03
39,2025,7,29,34,2,18,0,1,0,1,0,1,7.33
39,2025,8,34,45,1,18,1,1,0,0,0,0,4.88
39,2025,9,26,32,2,9,0,1,0,0,0,0,3.53
39,2025,10,24,28,1,8,0,1,0,0,0,0,3.42
39,2025,11,27,32,1,18,1,1,0,0,0,0,5.2
39,2025,12,18,21,0,12,0,0,0,0,0,0,2.86
39,2026,1,25,26,2,10,0,1,0,0,0,0,5.31
39,2026,2,18,21,1,7,1,1,0,0,0,0,4.09
39,2026,3,22,26,2,7,0,1,0,0,0,0,3.69
39,2026,4,24,27,1,9,0,1,0,0,1,1,3.75
39,2026,5,22,26,0,6,1,0,1,0,0,1,5.64
40,2023,6,42,48,4,16,0,1,0,0,1,0,8.09
40,2023,7,43,53,5,18,0,1,0,1,0,1,9.54
40,2023,8,59,72,4,23,1,1,0,0,0,0,9.59
40,2023,9,49,57,5,19,0,1,0,0,0,0,7.67
40,2023,10,40,41,3,16,0,1,0,0,0,0,5.93
40,2023,11,40,53,5,24,1,1,0,0,0,0,8.94
40,2023,12,43,49,5,16,0,1,0,0,0,0,7.12
40,2024,1,49,56,5,23,0,1,0,0,0,0,8.06
40,2024,2,58,65,3,28,1,1,0,0,0,0,8.39
40,2024,3,50,55,4,10,0,1,0,0,0,0,6.89
40,2024,4,43,56,3,19,0,1,0,0,1,1,7.6
40,2024,5,36,46,4,14,1,1,1,0,0,1,9.2
40,2024,6,47,56,5,23,0,1,0,0,1,0,8.8
40,2024,7,54,62,4,22,0,1,0,1,0,1,11.0
40,2024,8,47,57,5,17,1,1,0,0,0,0,9.05
40,2024,9,42,49,5,16,0,1,0,0,0,0,8.38
40,2024,10,56,63,5,26,0,1,0,0,0,0,10.02
40,2024,11,47,56,5,23,1,1,0,0,0,0,9.49
40,2024,12,39,43,4,23,0,1,0,0,0,0,7.33
40,2025,1,47,55,5,28,0,1,0,0,0,0,8.92
40,2025,2,58,68,3,24,1,1,0,0,0,0,9.16
40,2025,3,50,61,5,19,0,1,0,0,0,0,8.54
40,2025,4,47,51,4,27,0,1,0,0,1,1,8.66
40,2025,5,55,67,5,19,1,1,1,0,0,1,10.85
40,2025,6,53,56,4,19,0,1,0,0,1,0,9.2
40,2025,7,48,52,3,24,0,1,0,1,0,1,9.6
40,2025,8,45,49,5,21,1,1,0,0,0,0,9.45
40,2025,9,42,44,5,15,0,1,0,0,0,0,7.87
40,2025,10,51,64,3,22,0,1,0,0,0,0,7.45
40,2025,11,45,47,3,18,1,1,0,0,0,0,8.11
40,2025,12,48,52,4,18,0,1,0,0,0,0,5.89
40,2026,1,46,59,4,12,0,1,0,0,0,0,8.79
40,2026,2,34,37,4,15,1,1,0,0,0,0,6.33
40,2026,3,40,45,3,13,0,1,0,0,0,0,6.62
40,2026,4,42,44,4,19,0,1,0,0,1,1,8.21
40,2026,5,45,55,4,26,1,1,1,0,0,1,11.16
41,2023,6,42,52,5,26,0,1,0,0,1,0,7.97
41,2023,7,45,55,4,16,0,1,0,1,0,1,7.59
41,2023,8,46,55,4,16,1,1,0,0,0,0,7.15
41,2023,9,43,50,3,13,0,1,0,0,0,0,5.75
41,2023,10,48,53,4,10,0,1,0,0,0,0,5.16
41,2023,11,57,61,4,17,1,1,0,0,0,0,7.74
41,2023,12,38,49,3,19,0,1,0,0,0,0,5.38
41,2024,1,47,58,5,20,0,1,0,0,0,0,7.81
41,2024,2,54,58,5,20,1,1,0,0,0,0,7.93
41,2024,3,38,44,3,23,0,1,0,0,0,0,7.06
41,2024,4,47,53,4,16,0,1,0,0,1,1,7.3
41,2024,5,52,54,5,31,1,1,1,0,0,1,10.12
41,2024,6,55,64,3,27,0,1,0,0,1,0,7.85
41,2024,7,47,52,3,14,0,1,0,1,0,1,7.24
41,2024,8,57,60,4,15,1,1,0,0,0,0,7.47
41,2024,9,37,37,3,16,0,1,0,0,0,0,5.73
41,2024,10,54,54,4,20,0,1,0,0,0,0,7.13
41,2024,11,49,55,3,21,1,1,0,0,0,0,6.9
41,2024,12,52,59,5,18,0,1,0,0,0,0,6.54
41,2025,1,33,35,4,19,0,1,0,0,0,0,6.09
41,2025,2,40,49,3,19,1,1,0,0,0,0,6.93
41,2025,3,44,50,5,16,0,1,0,0,0,0,7.36
41,2025,4,37,45,3,12,0,1,0,0,1,1,6.29
41,2025,5,40,45,4,12,1,1,1,0,0,1,7.3
41,2025,6,51,55,5,17,0,1,0,0,1,0,8.36
41,2025,7,39,45,5,16,0,1,0,1,0,1,8.76
41,2025,8,56,57,3,23,1,1,0,0,0,0,8.09
41,2025,9,40,48,4,15,0,1,0,0,0,0,6.3
41,2025,10,53,56,5,24,0,1,0,0,0,0,7.42
41,2025,11,39,48,5,13,1,1,0,0,0,0,7.56
41,2025,12,56,63,3,26,0,1,0,0,0,0,6.66
41,2026,1,50,63,5,18,0,1,0,0,0,0,7.25
41,2026,2,54,56,3,22,1,1,0,0,0,0,7.1
41,2026,3,47,51,4,16,0,1,0,0,0,0,5.92
41,2026,4,42,50,3,19,0,1,0,0,1,1,6.82
41,2026,5,54,68,3,22,1,1,1,0,0,1,10.62
42,2023,6,31,41,2,12,1,1,0,0,1,0,6.81
42,2023,7,39,45,2,18,1,1,0,1,0,1,8.02
42,2023,8,27,36,4,8,1,1,0,0,0,0,6.73
42,2023,9,38,43,3,18,1,1,0,0,0,0,5.56
42,2023,10,48,60,3,11,1,1,0,0,0,0,8.22
42,2023,11,45,48,3,12,1,1,0,0,0,0,5.86
42,2023,12,39,46,3,15,1,1,0,0,0,0,7.32
42,2024,1,45,41,2,28,1,1,0,0,0,0,7.05
42,2024,2,39,40,2,19,1,1,0,0,0,0,4.46
42,2024,3,47,56,4,21,1,1,0,0,0,0,8.13
42,2024,4,24,24,2,8,1,1,0,0,1,1,5.0
42,2024,5,47,56,4,18,1,1,1,0,0,1,8.39
42,2024,6,43,53,4,13,1,1,0,0,1,0,8.0
42,2024,7,36,40,2,11,1,1,0,1,0,1,6.75
42,2024,8,31,33,2,14,1,1,0,0,0,0,5.29
42,2024,9,32,35,2,17,1,1,0,0,0,0,4.63
42,2024,10,41,43,3,14,1,1,0,0,0,0,6.04
42,2024,11,27,31,2,15,1,1,0,0,0,0,5.72
42,2024,12,41,48,4,14,1,1,0,0,0,0,6.84
42,2025,1,37,41,3,15,1,1,0,0,0,0,5.64
42,2025,2,41,54,4,13,1,1,0,0,0,0,7.22
42,2025,3,43,46,4,19,1,1,0,0,0,0,5.82
42,2025,4,36,46,3,17,1,1,0,0,1,1,6.52
42,2025,5,31,32,3,15,1,1,1,0,0,1,6.7
42,2025,6,36,42,2,13,1,1,0,0,1,0,6.74
42,2025,7,41,52,2,12,1,1,0,1,0,1,8.26
42,2025,8,45,57,3,16,1,1,0,0,0,0,7.05
42,2025,9,46,51,3,28,1,1,0,0,0,0,6.77
42,2025,10,41,49,3,21,1,1,0,0,0,0,5.99
42,2025,11,37,44,2,3,1,1,0,0,0,0,6.11
42,2025,12,40,44,4,15,1,1,0,0,0,0,6.02
42,2026,1,26,32,3,9,1,1,0,0,0,0,5.45
42,2026,2,40,53,3,16,1,1,0,0,0,0,6.45
42,2026,3,50,60,3,18,1,1,0,0,0,0,7.29
42,2026,4,51,62,3,11,1,1,0,0,1,1,7.31
42,2026,5,38,46,3,18,1,1,1,0,0,1,8.42
43,2023,6,14,14,2,4,1,1,0,0,1,0,6.03
43,2023,7,28,33,1,13,1,1,0,1,0,1,8.23
43,2023,8,16,17,0,3,1,0,0,0,0,0,3.15
43,2023,9,19,21,2,8,1,1,0,0,0,0,4.54
43,2023,10,29,40,0,10,1,0,0,0,0,0,6.39
43,2023,11,28,31,0,8,1,0,0,0,0,0,3.49
43,2023,12,14,15,0,8,1,0,0,0,0,0,3.65
43,2024,1,20,25,2,7,1,1,0,0,0,0,5.21
43,2024,2,27,28,1,12,1,1,0,0,0,0,4.85
43,2024,3,24,27,0,8,1,0,0,0,0,0,3.95
43,2024,4,16,20,2,7,1,1,0,0,1,1,5.36
43,2024,5,24,28,0,7,1,0,1,0,0,1,5.93
43,2024,6,22,22,2,10,1,1,0,0,1,0,6.09
43,2024,7,16,19,2,3,1,1,0,1,0,1,8.52
43,2024,8,17,19,0,7,1,0,0,0,0,0,3.96
43,2024,9,18,23,2,10,1,1,0,0,0,0,5.31
43,2024,10,20,22,1,6,1,1,0,0,0,0,4.65
43,2024,11,23,29,0,10,1,0,0,0,0,0,5.14
43,2024,12,31,41,1,15,1,1,0,0,0,0,5.2
43,2025,1,17,18,1,4,1,1,0,0,0,0,3.89
43,2025,2,24,27,0,5,1,0,0,0,0,0,2.59
43,2025,3,27,32,2,12,1,1,0,0,0,0,5.94
43,2025,4,25,27,0,11,1,0,0,0,1,1,5.42
43,2025,5,22,26,2,12,1,1,1,0,0,1,6.46
43,2025,6,27,30,2,6,1,1,0,0,1,0,7.1
43,2025,7,27,30,1,11,1,1,0,1,0,1,6.95
43,2025,8,27,31,0,18,1,0,0,0,0,0,4.24
43,2025,9,20,23,0,6,1,0,0,0,0,0,3.6
43,2025,10,24,28,0,7,1,0,0,0,0,0,4.82
43,2025,11,21,23,1,7,1,1,0,0,0,0,3.89
43,2025,12,17,19,2,9,1,1,0,0,0,0,4.89
43,2026,1,17,19,0,5,1,0,0,0,0,0,3.71
43,2026,2,27,31,2,9,1,1,0,0,0,0,5.78
43,2026,3,23,25,0,8,1,0,0,0,0,0,4.08
43,2026,4,18,21,0,7,1,0,0,0,1,1,4.86
43,2026,5,19,18,1,16,1,1,1,0,0,1,5.9
44,2023,6,29,31,3,11,0,1,0,0,1,0,6.81
44,2023,7,24,27,3,9,0,1,0,1,0,1,6.78
44,2023,8,29,31,2,9,1,1,0,0,0,0,4.91
44,2023,9,32,42,1,19,0,1,0,0,0,0,5.7
44,2023,10,26,30,1,13,0,1,0,0,0,0,3.64
44,2023,11,28,33,3,11,1,1,0,0,0,0,5.87
44,2023,12,28,31,1,11,0,1,0,0,0,0,3.57
44,2024,1,40,46,3,14,0,1,0,0,0,0,7.35
44,2024,2,30,31,3,13,1,1,0,0,0,0,7.02
44,2024,3,31,35,3,12,0,1,0,0,0,0,5.09
44,2024,4,34,36,1,11,0,1,0,0,1,1,5.49
44,2024,5,28,31,1,13,1,1,1,0,0,1,6.42
44,2024,6,32,29,1,16,0,1,0,0,1,0,4.74
44,2024,7,37,38,2,15,0,1,0,1,0,1,7.28
44,2024,8,30,39,2,8,1,1,0,0,0,0,5.44
44,2024,9,48,59,1,25,0,1,0,0,0,0,5.13
44,2024,10,24,31,2,7,0,1,0,0,0,0,4.47
44,2024,11,27,35,1,12,1,1,0,0,0,0,4.91
44,2024,12,34,41,2,9,0,1,0,0,0,0,5.13
44,2025,1,26,29,1,14,0,1,0,0,0,0,3.95
44,2025,2,33,35,3,13,1,1,0,0,0,0,5.64
44,2025,3,27,34,1,7,0,1,0,0,0,0,4.56
44,2025,4,23,27,3,13,0,1,0,0,1,1,5.96
44,2025,5,31,43,1,16,1,1,1,0,0,1,8.03
44,2025,6,23,26,1,12,0,1,0,0,1,0,4.95
44,2025,7,29,39,1,13,0,1,0,1,0,1,6.64
44,2025,8,31,35,2,15,1,1,0,0,0,0,5.85
44,2025,9,36,46,3,14,0,1,0,0,0,0,4.65
44,2025,10,30,40,1,7,0,1,0,0,0,0,5.63
44,2025,11,30,31,3,7,1,1,0,0,0,0,5.6
44,2025,12,29,32,3,17,0,1,0,0,0,0,6.47
44,2026,1,25,26,2,12,0,1,0,0,0,0,3.68
44,2026,2,28,29,2,17,1,1,0,0,0,0,4.54
44,2026,3,31,38,3,11,0,1,0,0,0,0,5.51
44,2026,4,23,26,3,8,0,1,0,0,1,1,5.63
44,2026,5,28,32,1,14,1,1,1,0,0,1,6.71
45,2023,6,27,33,3,8,0,1,0,0,1,0,5.3
45,2023,7,26,25,2,15,0,1,0,1,0,1,5.42
45,2023,8,30,38,1,8,1,1,0,0,0,0,3.54
45,2023,9,38,42,3,13,0,1,0,0,0,0,5.16
45,2023,10,32,39,3,11,0,1,0,0,0,0,4.01
45,2023,11,34,41,2,12,1,1,0,0,0,0,4.28
45,2023,12,32,41,3,13,0,1,0,0,0,0,4.71
45,2024,1,28,32,1,15,0,1,0,0,0,0,4.01
45,2024,2,31,29,3,15,1,1,0,0,0,0,6.19
45,2024,3,22,25,2,12,0,1,0,0,0,0,4.29
45,2024,4,38,44,1,17,0,1,0,0,1,1,6.07
45,2024,5,29,30,2,9,1,1,1,0,0,1,6.36
45,2024,6,31,36,1,10,0,1,0,0,1,0,4.82
45,2024,7,27,30,2,7,0,1,0,1,0,1,7.31
45,2024,8,27,27,3,13,1,1,0,0,0,0,4.04
45,2024,9,34,41,2,17,0,1,0,0,0,0,4.41
45,2024,10,34,37,3,10,0,1,0,0,0,0,4.44
45,2024,11,35,39,2,9,1,1,0,0,0,0,5.45
45,2024,12,35,39,3,10,0,1,0,0,0,0,4.16
45,2025,1,26,33,1,13,0,1,0,0,0,0,4.19
45,2025,2,37,42,3,16,1,1,0,0,0,0,6.02
45,2025,3,34,39,2,14,0,1,0,0,0,0,4.95
45,2025,4,32,35,3,9,0,1,0,0,1,1,5.79
45,2025,5,38,45,1,7,1,1,1,0,0,1,7.18
45,2025,6,29,37,1,12,0,1,0,0,1,0,4.68
45,2025,7,25,30,3,5,0,1,0,1,0,1,6.46
45,2025,8,21,26,3,6,1,1,0,0,0,0,4.13
45,2025,9,21,25,3,11,0,1,0,0,0,0,3.5
45,2025,10,36,36,2,11,0,1,0,0,0,0,5.29
45,2025,11,40,42,2,12,1,1,0,0,0,0,4.67
45,2025,12,39,44,2,20,0,1,0,0,0,0,5.28
45,2026,1,31,33,3,9,0,1,0,0,0,0,4.73
45,2026,2,26,27,1,8,1,1,0,0,0,0,4.59
45,2026,3,25,24,1,13,0,1,0,0,0,0,2.29
45,2026,4,29,29,1,5,0,1,0,0,1,1,4.63
45,2026,5,33,37,2,9,1,1,1,0,0,1,6.28
46,2023,6,28,32,3,16,1,1,0,0,1,0,6.71
46,2023,7,26,28,2,12,1,1,0,1,0,1,7.48
46,2023,8,28,32,2,13,1,1,0,0,0,0,6.16
46,2023,9,30,33,2,17,1,1,0,0,0,0,6.18
46,2023,10,27,34,1,4,1,1,0,0,0,0,4.79
46,2023,11,32,36,3,12,1,1,0,0,0,0,5.53
46,2023,12,31,38,3,27,1,1,0,0,0,0,6.22
46,2024,1,42,49,3,21,1,1,0,0,0,0,7.75
46,2024,2,39,39,3,21,1,1,0,0,0,0,5.94
46,2024,3,33,38,2,11,1,1,0,0,0,0,5.75
46,2024,4,28,29,3,11,1,1,0,0,1,1,8.32
46,2024,5,27,31,2,9,1,1,1,0,0,1,7.39
46,2024,6,30,32,3,16,1,1,0,0,1,0,7.51
46,2024,7,27,32,2,9,1,1,0,1,0,1,7.13
46,2024,8,19,19,3,5,1,1,0,0,0,0,4.23
46,2024,9,34,39,1,12,1,1,0,0,0,0,5.92
46,2024,10,26,31,1,6,1,1,0,0,0,0,4.59
46,2024,11,17,21,1,10,1,1,0,0,0,0,5.02
46,2024,12,26,28,2,12,1,1,0,0,0,0,5.36
46,2025,1,30,35,3,12,1,1,0,0,0,0,8.29
46,2025,2,36,42,2,10,1,1,0,0,0,0,5.74
46,2025,3,23,30,3,10,1,1,0,0,0,0,6.02
46,2025,4,23,23,2,12,1,1,0,0,1,1,5.44
46,2025,5,24,25,3,8,1,1,1,0,0,1,7.87
46,2025,6,40,57,3,19,1,1,0,0,1,0,8.97
46,2025,7,22,25,1,12,1,1,0,1,0,1,6.47
46,2025,8,29,28,3,13,1,1,0,0,0,0,5.65
46,2025,9,28,31,1,12,1,1,0,0,0,0,5.86
46,2025,10,27,24,2,8,1,1,0,0,0,0,5.7
46,2025,11,28,33,2,14,1,1,0,0,0,0,4.85
46,2025,12,27,33,1,14,1,1,0,0,0,0,4.94
46,2026,1,24,25,3,8,1,1,0,0,0,0,6.58
46,2026,2,24,26,2,9,1,1,0,0,0,0,5.0
46,2026,3,28,35,1,11,1,1,0,0,0,0,5.35
46,2026,4,30,29,1,7,1,1,0,0,1,1,6.3
46,2026,5,35,36,1,14,1,1,1,0,0,1,6.37
47,2023,6,41,46,3,18,1,1,0,0,1,0,7.11
47,2023,7,55,59,3,18,1,1,0,1,0,1,9.57
47,2023,8,50,56,3,18,1,1,0,0,0,0,8.05
47,2023,9,47,48,5,23,1,1,0,0,0,0,8.56
47,2023,10,46,54,5,26,1,1,0,0,0,0,8.83
47,2023,11,44,50,5,11,1,1,0,0,0,0,7.58
47,2023,12,43,52,4,19,1,1,0,0,0,0,8.27
47,2024,1,45,53,5,17,1,1,0,0,0,0,7.94
47,2024,2,44,52,5,21,1,1,0,0,0,0,8.46
47,2024,3,41,41,3,22,1,1,0,0,0,0,7.17
47,2024,4,57,68,5,14,1,1,0,0,1,1,10.7
47,2024,5,40,45,5,18,1,1,1,0,0,1,9.27
47,2024,6,49,56,4,15,1,1,0,0,1,0,8.37
47,2024,7,39,49,4,14,1,1,0,1,0,1,10.29
47,2024,8,48,52,4,21,1,1,0,0,0,0,8.48
47,2024,9,49,63,3,16,1,1,0,0,0,0,7.33
47,2024,10,44,57,3,17,1,1,0,0,0,0,6.69
47,2024,11,42,51,3,14,1,1,0,0,0,0,7.65
47,2024,12,45,47,3,12,1,1,0,0,0,0,5.64
47,2025,1,58,54,4,22,1,1,0,0,0,0,6.79
47,2025,2,52,65,4,21,1,1,0,0,0,0,8.23
47,2025,3,32,37,3,15,1,1,0,0,0,0,6.16
47,2025,4,50,54,3,20,1,1,0,0,1,1,7.49
47,2025,5,41,52,5,18,1,1,1,0,0,1,9.78
47,2025,6,42,45,5,17,1,1,0,0,1,0,8.58
47,2025,7,49,54,4,17,1,1,0,1,0,1,9.55
47,2025,8,37,44,5,18,1,1,0,0,0,0,8.72
47,2025,9,48,50,4,21,1,1,0,0,0,0,7.74
47,2025,10,47,54,3,18,1,1,0,0,0,0,7.84
47,2025,11,48,60,5,22,1,1,0,0,0,0,7.66
47,2025,12,60,70,5,25,1,1,0,0,0,0,8.32
47,2026,1,47,60,4,18,1,1,0,0,0,0,8.23
47,2026,2,47,59,4,18,1,1,0,0,0,0,9.01
47,2026,3,42,48,3,13,1,1,0,0,0,0,6.04
47,2026,4,48,44,4,21,1,1,0,0,1,1,8.14
47,2026,5,51,53,4,23,1,1,1,0,0,1,8.68
48,2023,6,14,17,2,14,0,1,0,0,1,0,3.76
48,2023,7,15,15,1,5,0,1,0,1,0,1,4.74
48,2023,8,8,9,3,4,1,1,0,0,0,0,3.4
48,2023,9,9,11,2,4,0,1,0,0,0,0,2.0
48,2023,10,17,22,1,6,0,1,0,0,0,0,2.2
48,2023,11,21,23,3,8,1,1,0,0,0,0,3.38
48,2023,12,19,21,2,6,0,1,0,0,0,0,3.63
48,2024,1,18,21,2,10,0,1,0,0,0,0,3.83
48,2024,2,25,30,2,4,1,1,0,0,0,0,4.7
48,2024,3,11,12,2,2,0,1,0,0,0,0,2.23
48,2024,4,15,19,1,6,0,1,0,0,1,1,4.25
48,2024,5,19,20,1,5,1,1,1,0,0,1,5.4
48,2024,6,12,14,3,6,0,1,0,0,1,0,4.21
48,2024,7,15,18,2,8,0,1,0,1,0,1,5.18
48,2024,8,18,20,2,7,1,1,0,0,0,0,3.54
48,2024,9,17,21,1,9,0,1,0,0,0,0,3.15
48,2024,10,16,19,3,5,0,1,0,0,0,0,4.59
48,2024,11,18,22,3,12,1,1,0,0,0,0,5.27
48,2024,12,23,27,3,11,0,1,0,0,0,0,4.05
48,2025,1,15,18,2,8,0,1,0,0,0,0,3.58
48,2025,2,16,17,2,7,1,1,0,0,0,0,3.12
48,2025,3,13,14,3,6,0,1,0,0,0,0,3.84
48,2025,4,18,23,3,8,0,1,0,0,1,1,4.22
48,2025,5,14,17,2,2,1,1,1,0,0,1,5.55
48,2025,6,14,15,3,6,0,1,0,0,1,0,6.04
48,2025,7,22,26,3,8,0,1,0,1,0,1,5.73
48,2025,8,13,12,3,5,1,1,0,0,0,0,5.63
48,2025,9,18,20,1,4,0,1,0,0,0,0,3.13
48,2025,10,20,25,1,5,0,1,0,0,0,0,2.67
48,2025,11,11,13,1,4,1,1,0,0,0,0,2.61
48,2025,12,15,17,3,6,0,1,0,0,0,0,4.97
48,2026,1,15,13,1,5,0,1,0,0,0,0,2.81
48,2026,2,13,14,1,3,1,1,0,0,0,0,2.77
48,2026,3,17,20,1,8,0,1,0,0,0,0,2.83
48,2026,4,19,23,1,8,0,1,0,0,1,1,4.17
48,2026,5,18,22,3,4,1,1,1,0,0,1,5.85
49,2023,6,17,19,5,7,1,1,0,0,1,0,5.35
49,2023,7,34,39,5,13,1,1,0,1,0,1,8.3
49,2023,8,25,25,3,15,1,1,0,0,0,0,3.54
49,2023,9,20,23,4,7,1,1,0,0,0,0,4.65
49,2023,10,30,31,5,10,1,1,0,0,0,0,5.01
49,2023,11,28,27,4,9,1,1,0,0,0,0,4.2
49,2023,12,17,18,5,5,1,1,0,0,0,0,4.99
49,2024,1,19,25,4,8,1,1,0,0,0,0,3.51
49,2024,2,25,28,3,13,1,1,0,0,0,0,2.87
49,2024,3,19,22,4,8,1,1,0,0,0,0,4.39
49,2024,4,25,27,5,16,1,1,0,0,1,1,5.65
49,2024,5,24,23,5,9,1,1,1,0,0,1,5.18
49,2024,6,26,32,4,11,1,1,0,0,1,0,4.44
49,2024,7,21,20,4,9,1,1,0,1,0,1,7.1
49,2024,8,25,27,5,13,1,1,0,0,0,0,5.23
49,2024,9,21,24,5,7,1,1,0,0,0,0,4.68
49,2024,10,29,34,4,14,1,1,0,0,0,0,6.25
49,2024,11,26,28,3,9,1,1,0,0,0,0,4.8
49,2024,12,20,19,5,8,1,1,0,0,0,0,5.53
49,2025,1,20,21,5,6,1,1,0,0,0,0,3.8
49,2025,2,23,25,3,11,1,1,0,0,0,0,3.38
49,2025,3,24,26,3,12,1,1,0,0,0,0,4.55
49,2025,4,28,35,3,11,1,1,0,0,1,1,5.5
49,2025,5,20,21,4,7,1,1,1,0,0,1,6.25
49,2025,6,30,35,3,10,1,1,0,0,1,0,4.25
49,2025,7,24,28,5,12,1,1,0,1,0,1,7.15
49,2025,8,17,21,5,6,1,1,0,0,0,0,5.1
49,2025,9,19,22,3,10,1,1,0,0,0,0,4.51
49,2025,10,23,28,5,8,1,1,0,0,0,0,4.62
49,2025,11,33,37,3,11,1,1,0,0,0,0,4.95
49,2025,12,28,33,5,14,1,1,0,0,0,0,4.78
49,2026,1,22,22,4,8,1,1,0,0,0,0,4.07
49,2026,2,18,16,3,3,1,1,0,0,0,0,2.88
49,2026,3,30,36,4,17,1,1,0,0,0,0,4.65
49,2026,4,21,25,5,8,1,1,0,0,1,1,5.29
49,2026,5,23,28,5,7,1,1,1,0,0,1,5.86
50,2023,6,27,30,1,10,0,1,0,0,1,0,4.34
50,2023,7,33,43,3,19,0,1,0,1,0,1,7.27
50,2023,8,27,30,1,7,1,1,0,0,0,0,5.65
50,2023,9,24,29,2,10,0,1,0,0,0,0,3.99
50,2023,10,35,42,1,11,0,1,0,0,0,0,4.8
50,2023,11,19,25,3,5,1,1,0,0,0,0,3.96
50,2023,12,36,40,3,11,0,1,0,0,0,0,6.2
50,2024,1,36,39,2,21,0,1,0,0,0,0,5.32
50,2024,2,34,34,3,15,1,1,0,0,0,0,5.59
50,2024,3,35,46,3,15,0,1,0,0,0,0,5.59
50,2024,4,26,31,1,7,0,1,0,0,1,1,5.27
50,2024,5,26,31,1,12,1,1,1,0,0,1,4.59
50,2024,6,35,51,1,9,0,1,0,0,1,0,5.44
50,2024,7,24,28,2,11,0,1,0,1,0,1,6.43
50,2024,8,26,27,2,7,1,1,0,0,0,0,4.67
50,2024,9,28,32,1,14,0,1,0,0,0,0,5.65
50,2024,10,33,35,2,19,0,1,0,0,0,0,4.72
50,2024,11,21,23,1,16,1,1,0,0,0,0,4.97
50,2024,12,38,42,3,17,0,1,0,0,0,0,6.78
50,2025,1,29,32,3,10,0,1,0,0,0,0,5.31
50,2025,2,26,26,3,15,1,1,0,0,0,0,5.0
50,2025,3,26,34,1,6,0,1,0,0,0,0,3.22
50,2025,4,25,29,3,13,0,1,0,0,1,1,6.18
50,2025,5,28,32,2,8,1,1,1,0,0,1,7.72
50,2025,6,23,28,3,8,0,1,0,0,1,0,5.83
50,2025,7,38,45,3,17,0,1,0,1,0,1,8.83
50,2025,8,29,34,2,7,1,1,0,0,0,0,6.69
50,2025,9,26,32,1,11,0,1,0,0,0,0,4.55
50,2025,10,30,35,3,10,0,1,0,0,0,0,4.41
50,2025,11,33,40,2,13,1,1,0,0,0,0,5.7
50,2025,12,34,42,3,14,0,1,0,0,0,0,6.42
50,2026,1,25,29,3,7,0,1,0,0,0,0,4.49
50,2026,2,30,34,1,8,1,1,0,0,0,0,5.63
50,2026,3,33,43,3,11,0,1,0,0,0,0,5.51
50,2026,4,29,32,1,11,0,1,0,0,1,1,5.14
50,2026,5,31,37,1,5,1,1,1,0,0,1,6.25
51,2023,6,43,51,2,19,0,1,0,0,1,0,5.91
51,2023,7,35,38,4,18,0,1,0,1,0,1,7.21
51,2023,8,39,42,2,14,1,1,0,0,0,0,4.07
51,2023,9,38,42,4,16,0,1,0,0,0,0,5.03
51,2023,10,41,45,2,14,0,1,0,0,0,0,3.87
51,2023,11,41,41,3,25,1,1,0,0,0,0,5.45
51,2023,12,36,39,2,12,0,1,0,0,0,0,3.78
51,2024,1,18,21,3,9,0,1,0,0,0,0,4.3
51,2024,2,47,60,3,13,1,1,0,0,0,0,6.88
51,2024,3,39,47,4,19,0,1,0,0,0,0,5.96
51,2024,4,33,29,4,23,0,1,0,0,1,1,4.88
51,2024,5,33,40,4,15,1,1,1,0,0,1,7.13
51,2024,6,44,48,3,17,0,1,0,0,1,0,5.19
51,2024,7,31,37,2,15,0,1,0,1,0,1,6.09
51,2024,8,37,42,2,15,1,1,0,0,0,0,5.46
51,2024,9,46,52,4,17,0,1,0,0,0,0,6.4
51,2024,10,37,42,3,10,0,1,0,0,0,0,5.01
51,2024,11,35,40,4,21,1,1,0,0,0,0,6.67
51,2024,12,40,51,3,16,0,1,0,0,0,0,5.49
51,2025,1,26,30,3,11,0,1,0,0,0,0,4.04
51,2025,2,32,40,4,15,1,1,0,0,0,0,6.27
51,2025,3,39,49,4,19,0,1,0,0,0,0,6.26
51,2025,4,36,44,2,14,0,1,0,0,1,1,5.01
51,2025,5,39,38,3,22,1,1,1,0,0,1,7.14
51,2025,6,36,45,2,9,0,1,0,0,1,0,5.06
51,2025,7,33,36,4,8,0,1,0,1,0,1,5.5
51,2025,8,31,38,2,11,1,1,0,0,0,0,5.02
51,2025,9,43,45,4,19,0,1,0,0,0,0,4.75
51,2025,10,40,41,4,20,0,1,0,0,0,0,5.56
51,2025,11,37,50,2,19,1,1,0,0,0,0,4.65
51,2025,12,37,39,3,16,0,1,0,0,0,0,4.33
51,2026,1,35,44,2,15,0,1,0,0,0,0,4.33
51,2026,2,44,51,3,18,1,1,0,0,0,0,6.7
51,2026,3,40,44,3,14,0,1,0,0,0,0,4.62
51,2026,4,42,48,3,16,0,1,0,0,1,1,5.32
51,2026,5,47,48,4,20,1,1,1,0,0,1,7.94
52,2023,6,43,49,4,23,1,1,0,0,1,0,9.31
52,2023,7,49,51,4,18,1,1,0,1,0,1,11.38
52,2023,8,46,51,3,21,1,1,0,0,0,0,7.36
52,2023,9,42,52,5,12,1,1,0,0,0,0,8.83
52,2023,10,55,65,3,16,1,1,0,0,0,0,10.15
52,2023,11,49,49,4,22,1,1,0,0,0,0,8.25
52,2023,12,60,74,3,24,1,1,0,0,0,0,9.66
52,2024,1,59,68,3,34,1,1,0,0,0,0,8.55
52,2024,2,53,58,4,18,1,1,0,0,0,0,8.3
52,2024,3,47,58,5,20,1,1,0,0,0,0,9.67
52,2024,4,43,49,3,13,1,1,0,0,1,1,8.36
52,2024,5,48,50,4,20,1,1,1,0,0,1,10.65
52,2024,6,41,55,5,15,1,1,0,0,1,0,10.28
52,2024,7,40,46,4,14,1,1,0,1,0,1,9.64
52,2024,8,46,53,3,12,1,1,0,0,0,0,8.36
52,2024,9,47,52,3,12,1,1,0,0,0,0,6.95
52,2024,10,29,37,5,16,1,1,0,0,0,0,7.45
52,2024,11,55,60,3,24,1,1,0,0,0,0,8.79
52,2024,12,48,48,3,16,1,1,0,0,0,0,8.53
52,2025,1,60,65,3,18,1,1,0,0,0,0,8.14
52,2025,2,47,60,5,18,1,1,0,0,0,0,9.53
52,2025,3,42,52,4,18,1,1,0,0,0,0,8.52
52,2025,4,36,40,5,15,1,1,0,0,1,1,9.47
52,2025,5,41,53,4,21,1,1,1,0,0,1,11.22
52,2025,6,49,60,3,21,1,1,0,0,1,0,9.32
52,2025,7,61,69,3,23,1,1,0,1,0,1,12.34
52,2025,8,45,51,3,23,1,1,0,0,0,0,8.85
52,2025,9,52,62,3,22,1,1,0,0,0,0,9.78
52,2025,10,52,55,4,24,1,1,0,0,0,0,9.15
52,2025,11,43,49,3,11,1,1,0,0,0,0,7.56
52,2025,12,49,58,3,27,1,1,0,0,0,0,8.36
52,2026,1,31,30,4,8,1,1,0,0,0,0,5.78
52,2026,2,31,35,4,13,1,1,0,0,0,0,6.99
52,2026,3,47,53,5,14,1,1,0,0,0,0,8.91
52,2026,4,45,56,4,10,1,1,0,0,1,1,9.33
52,2026,5,51,49,4,26,1,1,1,0,0,1,10.8
53,2023,6,16,18,1,4,0,1,0,0,1,0,3.77
53,2023,7,12,13,0,6,0,0,0,1,0,1,4.94
53,2023,8,13,16,1,5,1,1,0,0,0,0,5.48
53,2023,9,10,11,1,9,0,1,0,0,0,0,3.92
53,2023,10,12,16,0,7,0,0,0,0,0,0,3.02
53,2023,11,8,10,2,1,1,1,0,0,0,0,4.49
53,2023,12,11,12,1,4,0,1,0,0,0,0,2.97
53,2024,1,18,21,2,7,0,1,0,0,0,0,3.38
53,2024,2,5,6,0,0,1,0,0,0,0,0,2.78
53,2024,3,17,21,2,5,0,1,0,0,0,0,2.88
53,2024,4,11,11,1,6,0,1,0,0,1,1,4.07
53,2024,5,7,7,2,2,1,1,1,0,0,1,6.08
53,2024,6,12,14,1,9,0,1,0,0,1,0,4.31
53,2024,7,6,8,1,1,0,1,0,1,0,1,6.75
53,2024,8,11,10,0,2,1,0,0,0,0,0,3.94
53,2024,9,9,12,2,0,0,1,0,0,0,0,4.18
53,2024,10,17,19,0,11,0,0,0,0,0,0,2.45
53,2024,11,10,10,0,7,1,0,0,0,0,0,4.2
53,2024,12,13,11,1,7,0,1,0,0,0,0,3.62
53,2025,1,6,6,2,1,0,1,0,0,0,0,2.64
53,2025,2,12,14,2,6,1,1,0,0,0,0,4.74
53,2025,3,9,10,2,2,0,1,0,0,0,0,4.08
53,2025,4,9,11,1,4,0,1,0,0,1,1,3.82
53,2025,5,13,14,2,5,1,1,1,0,0,1,6.75
53,2025,6,8,8,1,6,0,1,0,0,1,0,4.25
53,2025,7,15,17,1,8,0,1,0,1,0,1,5.66
53,2025,8,5,6,0,0,1,0,0,0,0,0,2.34
53,2025,9,16,19,2,7,0,1,0,0,0,0,3.68
53,2025,10,11,12,0,5,0,0,0,0,0,0,2.83
53,2025,11,8,10,0,3,1,0,0,0,0,0,2.34
53,2025,12,12,13,1,2,0,1,0,0,0,0,3.35
53,2026,1,16,17,1,7,0,1,0,0,0,0,2.81
53,2026,2,4,4,0,0,1,0,0,0,0,0,1.69
53,2026,3,16,20,1,4,0,1,0,0,0,0,3.01
53,2026,4,14,16,0,5,0,0,0,0,1,1,3.45
53,2026,5,14,15,1,7,1,1,1,0,0,1,6.39
54,2023,6,29,36,3,16,1,1,0,0,1,0,9.78
54,2023,7,23,31,3,13,1,1,0,1,0,1,9.83
54,2023,8,32,37,1,12,1,1,0,0,0,0,6.88
54,2023,9,33,42,2,12,1,1,0,0,0,0,7.54
54,2023,10,30,38,2,8,1,1,0,0,0,0,7.81
54,2023,11,34,37,1,9,1,1,0,0,0,0,6.68
54,2023,12,26,30,1,14,1,1,0,0,0,0,6.48
54,2024,1,22,22,1,10,1,1,0,0,0,0,5.28
54,2024,2,33,37,3,7,1,1,0,0,0,0,9.02
54,2024,3,28,30,2,11,1,1,0,0,0,0,6.24
54,2024,4,27,30,1,8,1,1,0,0,1,1,7.25
54,2024,5,27,29,3,13,1,1,1,0,0,1,10.03
54,2024,6,27,30,1,13,1,1,0,0,1,0,7.57
54,2024,7,33,40,3,7,1,1,0,1,0,1,10.85
54,2024,8,29,33,2,17,1,1,0,0,0,0,6.43
54,2024,9,40,39,1,13,1,1,0,0,0,0,6.77
54,2024,10,28,30,2,13,1,1,0,0,0,0,6.53
54,2024,11,33,33,3,11,1,1,0,0,0,0,8.87
54,2024,12,17,20,2,2,1,1,0,0,0,0,7.18
54,2025,1,24,29,3,6,1,1,0,0,0,0,7.29
54,2025,2,41,48,3,15,1,1,0,0,0,0,8.37
54,2025,3,28,30,1,15,1,1,0,0,0,0,7.02
54,2025,4,35,41,3,9,1,1,0,0,1,1,9.04
54,2025,5,25,28,2,18,1,1,1,0,0,1,9.17
54,2025,6,36,37,3,23,1,1,0,0,1,0,9.59
54,2025,7,34,42,2,17,1,1,0,1,0,1,11.01
54,2025,8,27,33,2,11,1,1,0,0,0,0,7.03
54,2025,9,32,40,2,23,1,1,0,0,0,0,7.55
54,2025,10,21,23,3,8,1,1,0,0,0,0,6.53
54,2025,11,35,44,1,13,1,1,0,0,0,0,8.18
54,2025,12,26,29,3,9,1,1,0,0,0,0,7.44
54,2026,1,35,43,1,12,1,1,0,0,0,0,7.52
54,2026,2,33,36,3,12,1,1,0,0,0,0,6.8
54,2026,3,41,46,1,23,1,1,0,0,0,0,8.76
54,2026,4,30,27,1,15,1,1,0,0,1,1,7.17
54,2026,5,37,41,1,14,1,1,1,0,0,1,10.38
55,2023,6,5,6,1,2,0,1,0,0,1,0,2.8
55,2023,7,19,21,0,6,0,0,0,1,0,1,3.67
55,2023,8,9,12,1,4,1,1,0,0,0,0,1.85
55,2023,9,12,12,2,5,0,1,0,0,0,0,4.0
55,2023,10,13,14,0,10,0,0,0,0,0,0,2.37
55,2023,11,14,15,1,6,1,1,0,0,0,0,3.57
55,2023,12,15,16,2,12,0,1,0,0,0,0,4.18
55,2024,1,8,10,1,1,0,1,0,0,0,0,2.24
55,2024,2,15,19,2,3,1,1,0,0,0,0,4.35
55,2024,3,8,9,1,2,0,1,0,0,0,0,1.8
55,2024,4,18,19,0,6,0,0,0,0,1,1,3.22
55,2024,5,11,11,1,7,1,1,1,0,0,1,3.94
55,2024,6,11,14,1,4,0,1,0,0,1,0,2.84
55,2024,7,10,13,0,3,0,0,0,1,0,1,3.6
55,2024,8,8,9,2,5,1,1,0,0,0,0,2.36
55,2024,9,7,7,0,4,0,0,0,0,0,0,1.59
55,2024,10,14,14,0,6,0,0,0,0,0,0,1.59
55,2024,11,7,8,0,4,1,0,0,0,0,0,0.81
55,2024,12,15,18,2,5,0,1,0,0,0,0,2.71
55,2025,1,14,13,1,6,0,1,0,0,0,0,2.19
55,2025,2,8,9,2,1,1,1,0,0,0,0,3.52
55,2025,3,11,14,1,5,0,1,0,0,0,0,2.58
55,2025,4,20,23,0,12,0,0,0,0,1,1,4.0
55,2025,5,10,13,1,8,1,1,1,0,0,1,4.75
55,2025,6,11,13,0,5,0,0,0,0,1,0,2.13
55,2025,7,12,12,1,5,0,1,0,1,0,1,4.18
55,2025,8,11,12,0,5,1,0,0,0,0,0,2.02
55,2025,9,11,13,2,3,0,1,0,0,0,0,2.98
55,2025,10,7,7,1,1,0,1,0,0,0,0,2.0
55,2025,11,9,9,0,6,1,0,0,0,0,0,1.73
55,2025,12,10,13,2,1,0,1,0,0,0,0,2.64
55,2026,1,11,12,1,4,0,1,0,0,0,0,2.57
55,2026,2,12,15,0,5,1,0,0,0,0,0,1.76
55,2026,3,12,13,1,3,0,1,0,0,0,0,2.5
55,2026,4,13,15,0,4,0,0,0,0,1,1,1.58
55,2026,5,5,6,2,3,1,1,1,0,0,1,5.01
56,2023,6,16,17,1,10,1,1,0,0,1,0,5.5
56,2023,7,27,33,2,4,1,1,0,1,0,1,8.87
56,2023,8,17,16,2,11,1,1,0,0,0,0,4.0
56,2023,9,15,18,2,9,1,1,0,0,0,0,5.4
56,2023,10,18,16,1,7,1,1,0,0,0,0,4.6
56,2023,11,17,19,0,7,1,0,0,0,0,0,3.26
56,2023,12,22,27,1,5,1,1,0,0,0,0,4.41
56,2024,1,21,25,1,6,1,1,0,0,0,0,3.9
56,2024,2,17,17,0,4,1,0,0,0,0,0,2.33
56,2024,3,27,28,2,7,1,1,0,0,0,0,4.81
56,2024,4,25,27,2,7,1,1,0,0,1,1,5.42
56,2024,5,20,23,1,10,1,1,1,0,0,1,7.36
56,2024,6,20,19,2,3,1,1,0,0,1,0,4.64
56,2024,7,19,22,2,10,1,1,0,1,0,1,7.53
56,2024,8,23,27,0,9,1,0,0,0,0,0,4.19
56,2024,9,25,28,1,8,1,1,0,0,0,0,5.02
56,2024,10,21,25,2,12,1,1,0,0,0,0,5.53
56,2024,11,21,25,1,7,1,1,0,0,0,0,5.16
56,2024,12,24,26,2,7,1,1,0,0,0,0,4.87
56,2025,1,23,22,1,10,1,1,0,0,0,0,4.57
56,2025,2,20,23,0,10,1,0,0,0,0,0,3.55
56,2025,3,18,19,1,8,1,1,0,0,0,0,5.04
56,2025,4,24,26,1,6,1,1,0,0,1,1,6.85
56,2025,5,19,23,2,5,1,1,1,0,0,1,5.99
56,2025,6,25,32,0,11,1,0,0,0,1,0,4.06
56,2025,7,31,36,0,13,1,0,0,1,0,1,7.41
56,2025,8,28,34,0,9,1,0,0,0,0,0,5.0
56,2025,9,29,29,1,15,1,1,0,0,0,0,6.3
56,2025,10,21,25,2,12,1,1,0,0,0,0,5.7
56,2025,11,27,31,1,12,1,1,0,0,0,0,5.97
56,2025,12,24,31,2,7,1,1,0,0,0,0,6.44
56,2026,1,24,26,2,4,1,1,0,0,0,0,5.91
56,2026,2,24,27,1,7,1,1,0,0,0,0,5.24
56,2026,3,25,31,1,8,1,1,0,0,0,0,4.22
56,2026,4,22,25,0,9,1,0,0,0,1,1,4.78
56,2026,5,14,15,2,4,1,1,1,0,0,1,6.37
57,2023,6,25,35,3,17,1,1,0,0,1,0,7.65
57,2023,7,39,41,3,9,1,1,0,1,0,1,9.27
57,2023,8,28,32,3,10,1,1,0,0,0,0,7.2
57,2023,9,29,34,2,11,1,1,0,0,0,0,5.47
57,2023,10,26,31,1,15,1,1,0,0,0,0,5.86
57,2023,11,24,27,3,7,1,1,0,0,0,0,6.02
57,2023,12,39,44,2,10,1,1,0,0,0,0,6.0
57,2024,1,38,43,3,19,1,1,0,0,0,0,6.64
57,2024,2,34,35,3,11,1,1,0,0,0,0,5.46
57,2024,3,35,48,1,18,1,1,0,0,0,0,6.85
57,2024,4,29,33,2,17,1,1,0,0,1,1,7.05
57,2024,5,35,42,2,16,1,1,1,0,0,1,7.99
57,2024,6,43,48,2,19,1,1,0,0,1,0,6.97
57,2024,7,27,30,1,11,1,1,0,1,0,1,7.93
57,2024,8,33,36,1,15,1,1,0,0,0,0,5.59
57,2024,9,36,36,2,15,1,1,0,0,0,0,5.77
57,2024,10,33,37,1,18,1,1,0,0,0,0,5.29
57,2024,11,30,33,1,9,1,1,0,0,0,0,5.14
57,2024,12,31,39,1,7,1,1,0,0,0,0,5.87
57,2025,1,40,41,3,20,1,1,0,0,0,0,7.0
57,2025,2,32,35,1,13,1,1,0,0,0,0,4.85
57,2025,3,33,35,2,12,1,1,0,0,0,0,5.99
57,2025,4,35,45,1,15,1,1,0,0,1,1,7.89
57,2025,5,35,37,2,17,1,1,1,0,0,1,8.24
57,2025,6,33,40,1,17,1,1,0,0,1,0,7.06
57,2025,7,26,32,1,8,1,1,0,1,0,1,7.49
57,2025,8,37,42,2,12,1,1,0,0,0,0,5.93
57,2025,9,21,21,3,11,1,1,0,0,0,0,5.05
57,2025,10,28,28,1,18,1,1,0,0,0,0,4.31
57,2025,11,33,41,2,16,1,1,0,0,0,0,7.26
57,2025,12,33,34,3,15,1,1,0,0,0,0,6.85
57,2026,1,36,43,2,14,1,1,0,0,0,0,6.65
57,2026,2,28,33,3,14,1,1,0,0,0,0,6.65
57,2026,3,25,30,1,14,1,1,0,0,0,0,5.49
57,2026,4,21,25,3,6,1,1,0,0,1,1,6.23
57,2026,5,34,36,1,16,1,1,1,0,0,1,7.42
58,2023,6,85,89,8,36,1,1,0,0,1,0,14.87
58,2023,7,81,99,8,33,1,1,0,1,0,1,18.8
58,2023,8,87,95,7,40,1,1,0,0,0,0,14.73
58,2023,9,76,66,9,23,1,1,0,0,0,0,12.68
58,2023,10,71,86,9,31,1,1,0,0,0,0,15.05
58,2023,11,64,67,7,23,1,1,0,0,0,0,12.33
58,2023,12,70,84,7,41,1,1,0,0,0,0,12.6
58,2024,1,78,101,9,26,1,1,0,0,0,0,14.89
58,2024,2,75,86,8,34,1,1,0,0,0,0,13.81
58,2024,3,88,110,7,32,1,1,0,0,0,0,15.16
58,2024,4,86,100,9,27,1,1,0,0,1,1,15.92
58,2024,5,67,88,9,25,1,1,1,0,0,1,16.05
58,2024,6,84,88,8,30,1,1,0,0,1,0,14.57
58,2024,7,92,106,7,46,1,1,0,1,0,1,18.37
58,2024,8,89,108,7,43,1,1,0,0,0,0,14.23
58,2024,9,91,103,8,25,1,1,0,0,0,0,14.33
58,2024,10,80,101,7,38,1,1,0,0,0,0,13.33
58,2024,11,93,103,8,32,1,1,0,0,0,0,14.24
58,2024,12,81,110,7,36,1,1,0,0,0,0,15.15
58,2025,1,76,104,7,31,1,1,0,0,0,0,14.56
58,2025,2,76,90,7,33,1,1,0,0,0,0,13.32
58,2025,3,81,98,8,38,1,1,0,0,0,0,15.44
58,2025,4,70,89,8,31,1,1,0,0,1,1,15.77
58,2025,5,92,95,8,34,1,1,1,0,0,1,16.36
58,2025,6,66,67,9,29,1,1,0,0,1,0,14.1
58,2025,7,90,115,8,43,1,1,0,1,0,1,18.48
58,2025,8,73,86,7,24,1,1,0,0,0,0,13.26
58,2025,9,65,73,9,30,1,1,0,0,0,0,12.61
58,2025,10,86,99,9,39,1,1,0,0,0,0,16.48
58,2025,11,77,70,8,32,1,1,0,0,0,0,13.36
58,2025,12,89,101,7,31,1,1,0,0,0,0,13.44
58,2026,1,82,88,9,33,1,1,0,0,0,0,13.96
58,2026,2,84,104,9,35,1,1,0,0,0,0,15.83
58,2026,3,70,87,8,31,1,1,0,0,0,0,13.56
58,2026,4,65,78,7,26,1,1,0,0,1,1,13.82
58,2026,5,62,74,7,22,1,1,1,0,0,1,13.78
59,2023,6,30,30,0,15,1,0,0,0,1,0,5.86
59,2023,7,20,24,0,4,1,0,0,1,0,1,5.6
59,2023,8,20,24,0,2,1,0,0,0,0,0,4.7
59,2023,9,30,38,1,10,1,1,0,0,0,0,5.48
59,2023,10,30,41,0,9,1,0,0,0,0,0,3.65
59,2023,11,34,33,0,7,1,0,0,0,0,0,5.18
59,2023,12,21,23,2,8,1,1,0,0,0,0,5.31
59,2024,1,25,27,2,11,1,1,0,0,0,0,5.21
59,2024,2,30,35,0,11,1,0,0,0,0,0,4.57
59,2024,3,14,16,2,2,1,1,0,0,0,0,3.33
59,2024,4,37,42,2,16,1,1,0,0,1,1,5.83
59,2024,5,21,26,1,6,1,1,1,0,0,1,5.98
59,2024,6,27,28,1,10,1,1,0,0,1,0,6.28
59,2024,7,25,26,1,7,1,1,0,1,0,1,6.84
59,2024,8,23,24,0,11,1,0,0,0,0,0,4.58
59,2024,9,13,14,1,6,1,1,0,0,0,0,4.41
59,2024,10,31,32,2,9,1,1,0,0,0,0,5.21
59,2024,11,32,37,1,10,1,1,0,0,0,0,5.77
59,2024,12,22,25,1,8,1,1,0,0,0,0,5.22
59,2025,1,25,27,0,9,1,0,0,0,0,0,3.61
59,2025,2,29,36,2,13,1,1,0,0,0,0,5.43
59,2025,3,23,26,0,11,1,0,0,0,0,0,3.76
59,2025,4,24,30,2,6,1,1,0,0,1,1,4.44
59,2025,5,29,33,0,4,1,0,1,0,0,1,5.7
59,2025,6,22,25,0,12,1,0,0,0,1,0,4.99
59,2025,7,26,28,0,5,1,0,0,1,0,1,5.94
59,2025,8,16,18,1,6,1,1,0,0,0,0,4.05
59,2025,9,25,31,2,10,1,1,0,0,0,0,5.15
59,2025,10,31,34,1,18,1,1,0,0,0,0,3.96
59,2025,11,21,25,0,7,1,0,0,0,0,0,4.48
59,2025,12,24,26,0,10,1,0,0,0,0,0,3.42
59,2026,1,24,29,0,5,1,0,0,0,0,0,3.27
59,2026,2,26,28,1,10,1,1,0,0,0,0,5.36
59,2026,3,28,35,2,10,1,1,0,0,0,0,5.99
59,2026,4,27,31,2,6,1,1,0,0,1,1,6.11
59,2026,5,26,34,2,9,1,1,1,0,0,1,7.47
60,2023,6,62,64,4,33,1,1,0,0,1,0,9.04
60,2023,7,48,48,5,12,1,1,0,1,0,1,9.88
60,2023,8,53,58,4,21,1,1,0,0,0,0,8.84
60,2023,9,64,65,5,22,1,1,0,0,0,0,8.55
60,2023,10,47,48,5,19,1,1,0,0,0,0,7.28
60,2023,11,46,56,6,22,1,1,0,0,0,0,8.94
60,2023,12,49,56,5,19,1,1,0,0,0,0,8.4
60,2024,1,62,68,4,24,1,1,0,0,0,0,9.12
60,2024,2,50,56,5,16,1,1,0,0,0,0,7.4
60,2024,3,58,63,5,24,1,1,0,0,0,0,7.38
60,2024,4,55,72,5,16,1,1,0,0,1,1,10.62
60,2024,5,48,52,4,14,1,1,1,0,0,1,8.54
60,2024,6,51,52,5,17,1,1,0,0,1,0,8.59
60,2024,7,56,69,5,25,1,1,0,1,0,1,10.27
60,2024,8,48,54,6,19,1,1,0,0,0,0,9.29
60,2024,9,64,87,6,20,1,1,0,0,0,0,10.82
60,2024,10,49,54,4,28,1,1,0,0,0,0,8.26
60,2024,11,63,78,6,20,1,1,0,0,0,0,10.27
60,2024,12,55,69,4,16,1,1,0,0,0,0,7.28
60,2025,1,49,54,6,18,1,1,0,0,0,0,8.05
60,2025,2,60,65,5,29,1,1,0,0,0,0,8.92
60,2025,3,51,62,6,26,1,1,0,0,0,0,8.93
60,2025,4,60,72,6,28,1,1,0,0,1,1,10.77
60,2025,5,48,48,5,26,1,1,1,0,0,1,9.98
60,2025,6,50,52,5,21,1,1,0,0,1,0,9.7
60,2025,7,46,41,6,21,1,1,0,1,0,1,9.41
60,2025,8,54,65,5,23,1,1,0,0,0,0,8.98
60,2025,9,47,53,5,16,1,1,0,0,0,0,8.49
60,2025,10,50,57,5,25,1,1,0,0,0,0,8.04
60,2025,11,48,47,5,15,1,1,0,0,0,0,7.57
60,2025,12,74,77,4,31,1,1,0,0,0,0,9.77
60,2026,1,37,41,4,17,1,1,0,0,0,0,6.95
60,2026,2,43,47,6,21,1,1,0,0,0,0,8.75
60,2026,3,57,66,5,18,1,1,0,0,0,0,8.93
60,2026,4,64,77,5,16,1,1,0,0,1,1,10.17
60,2026,5,61,84,4,14,1,1,1,0,0,1,10.33
